ID,Name,Address,Latitude,Longitude,Opening Hours,Types,Rating,User Ratings Total
ChIJ-3wY7lEYQjERrJ9wTeoa-WQ,Blue Summer Hotel,"35 Tôn Thất Đạm, Xuân Hà, Thanh Khê, Đà Nẵng 550000, Vietnam",16.0720623,108.2013925,"['Monday: Open 24 hours', 'Tuesday: Open 24 hours', 'Wednesday: Open 24 hours', 'Thursday: Open 24 hours', 'Friday: Open 24 hours', 'Saturday: Open 24 hours', 'Sunday: Open 24 hours']","['lodging', 'point_of_interest', 'establishment']",3.9,42
ChIJ-UBpozMYQjERDV3V1nrXEiM,Vinapha 2 Hotel,"19 Phạm Hồng Thái, Hải Châu 1, Hải Châu, Đà Nẵng 550000, Vietnam",16.0673508,108.2217765,"['Monday: 12:00\u202fAM\u2009–\u200911:59\u202fPM', 'Tuesday: 12:00\u202fAM\u2009–\u200911:59\u202fPM', 'Wednesday: 12:00\u202fAM\u2009–\u200911:59\u202fPM', 'Thursday: 12:00\u202fAM\u2009–\u200911:59\u202fPM', 'Friday: 12:00\u202fAM\u2009–\u200911:59\u202fPM', 'Saturday: 12:00\u202fAM\u2009–\u200911:59\u202fPM', 'Sunday: 12:00\u202fAM\u2009–\u200911:59\u202fPM']","['lodging', 'point_of_interest', 'establishment']",3,93
ChIJ13MshlIYQjERM4sqFu8lvyA,Ribo Coffee,"05 Thái Thị Bôi, Chính Gián, Thanh Khê, Đà Nẵng 550000, Vietnam",16.0682715,108.2011952,"['Monday: 6:30\u202fAM\u2009–\u200910:30\u202fPM', 'Tuesday: 6:30\u202fAM\u2009–\u200910:30\u202fPM', 'Wednesday: 6:30\u202fAM\u2009–\u200910:30\u202fPM', 'Thursday: 6:30\u202fAM\u2009–\u200910:30\u202fPM', 'Friday: 6:30\u202fAM\u2009–\u200910:30\u202fPM', 'Saturday: 6:30\u202fAM\u2009–\u200910:30\u202fPM', 'Sunday: 6:30\u202fAM\u2009–\u200910:30\u202fPM']","['cafe', 'food', 'point_of_interest', 'establishment']",4.1,306
ChIJ14kOf8kZQjERrdrrQPpiZKA,Mì Quảng Thi,"251 Hoàng Diệu, Nam Dương, Hải Châu, Đà Nẵng 550000, Vietnam",16.0585457,108.2172243,"['Monday: 6:00\u202fAM\u2009–\u20091:29\u202fPM, 4:00\u2009–\u20099:00\u202fPM', 'Tuesday: 6:00\u202fAM\u2009–\u20091:29\u202fPM, 4:00\u2009–\u20099:00\u202fPM', 'Wednesday: 6:00\u202fAM\u2009–\u20091:29\u202fPM, 4:00\u2009–\u20099:00\u202fPM', 'Thursday: 6:00\u202fAM\u2009–\u20091:29\u202fPM, 4:00\u2009–\u20099:00\u202fPM', 'Friday: 6:00\u202fAM\u2009–\u20091:29\u202fPM, 4:00\u2009–\u20099:00\u202fPM', 'Saturday: 6:00\u202fAM\u2009–\u20091:29\u202fPM, 4:00\u2009–\u20099:00\u202fPM', 'Sunday: 6:00\u202fAM\u2009–\u20091:29\u202fPM, 4:00\u2009–\u20099:00\u202fPM']","['restaurant', 'point_of_interest', 'food', 'establishment']",4.3,308
ChIJ2aT3UqMXQjER_rVaqCoyyWU,Chùa Linh Ứng,"Vườn Lâm Tỳ Ni, Hoàng Sa, Thọ Quang, Sơn Trà, Đà Nẵng, Vietnam",16.1002615,108.2777474,"['Monday: Open 24 hours', 'Tuesday: Open 24 hours', 'Wednesday: Open 24 hours', 'Thursday: Open 24 hours', 'Friday: Open 24 hours', 'Saturday: Open 24 hours', 'Sunday: Open 24 hours']","['place_of_worship', 'point_of_interest', 'establishment']",4.7,1785
ChIJ2beCscEZQjER1eMQXxVlJZg,Mì Quảng Giao Thủy,"20 Lê Thanh Nghị, Hoà Cường Bắc, Hải Châu, Đà Nẵng 550000, Vietnam",16.0436901,108.2173205,"['Monday: 6:00\u202fAM\u2009–\u20099:00\u202fPM', 'Tuesday: 6:00\u202fAM\u2009–\u20099:00\u202fPM', 'Wednesday: 6:00\u202fAM\u2009–\u20099:00\u202fPM', 'Thursday: 6:00\u202fAM\u2009–\u20099:00\u202fPM', 'Friday: 6:00\u202fAM\u2009–\u20099:00\u202fPM', 'Saturday: 6:00\u202fAM\u2009–\u20099:00\u202fPM', 'Sunday: 6:00\u202fAM\u2009–\u20099:00\u202fPM']","['restaurant', 'food', 'point_of_interest', 'establishment']",4,102
ChIJ2eRrZDIYQjERIDh0k-METDk,Hoang Linh Hotel,"142 Bạch Đằng, Hải Châu 1, Hải Châu, Đà Nẵng 550000, Vietnam",16.0671793,108.2247516,,"['lodging', 'point_of_interest', 'establishment']",3.7,174
ChIJ2y5L4dQNQjERxeSLc68fbrw,The Marble Mountains,"81 Huyền Trân Công Chúa, Hoà Hải, Ngũ Hành Sơn, Đà Nẵng 550000, Vietnam",16.0034756,108.2645803,"['Monday: 7:00\u202fAM\u2009–\u20095:00\u202fPM', 'Tuesday: 7:00\u202fAM\u2009–\u20095:00\u202fPM', 'Wednesday: 7:00\u202fAM\u2009–\u20095:00\u202fPM', 'Thursday: 7:00\u202fAM\u2009–\u20095:00\u202fPM', 'Friday: 7:00\u202fAM\u2009–\u20095:00\u202fPM', 'Saturday: 7:00\u202fAM\u2009–\u20095:00\u202fPM', 'Sunday: 7:00\u202fAM\u2009–\u20095:00\u202fPM']","['tourist_attraction', 'point_of_interest', 'establishment']",4.3,20715
ChIJ4TzoziwYQjER8Wp_tOG1pYA,DHC Marina,"367H+PW4, Đ. Trần Hưng Đạo, An Hải Trung, Sơn Trà, Đà Nẵng 550000, Vietnam",16.0642548,108.2298186,"['Monday: Open 24 hours', 'Tuesday: Open 24 hours', 'Wednesday: Open 24 hours', 'Thursday: Open 24 hours', 'Friday: Open 24 hours', 'Saturday: Open 24 hours', 'Sunday: Open 24 hours']","['tourist_attraction', 'point_of_interest', 'establishment']",4.1,171
ChIJ4w7694IXQjERrFXucqKL--o,My Khe Beach,"My Khe Beach, 550000, Vietnam",16.0616944,108.2469346,,"['natural_feature', 'establishment']",4.6,1831
ChIJ598PYTIYQjERyESkAkbGE2c,Happy Day Hotel,"160 Bạch Đằng, Hải Châu 1, Hải Châu, Đà Nẵng 550000, Vietnam",16.0667959,108.2246663,"['Monday: 6:00\u202fAM\u2009–\u200911:50\u202fPM', 'Tuesday: 6:00\u202fAM\u2009–\u200911:50\u202fPM', 'Wednesday: 6:00\u202fAM\u2009–\u200911:50\u202fPM', 'Thursday: 6:00\u202fAM\u2009–\u200911:50\u202fPM', 'Friday: 6:00\u202fAM\u2009–\u200911:50\u202fPM', 'Saturday: 6:00\u202fAM\u2009–\u200911:50\u202fPM', 'Sunday: 6:00\u202fAM\u2009–\u200911:50\u202fPM']","['lodging', 'point_of_interest', 'establishment']",3.7,425
ChIJ6SbLpjQYQjER5qEkmTLPcuY,Cơm gà A.Hải,"94, 100 Thái Phiên, Phước Ninh, Hải Châu, Đà Nẵng 550000, Vietnam",16.0653555,108.2198541,"['Monday: 8:00\u202fAM\u2009–\u200911:30\u202fPM', 'Tuesday: 8:00\u202fAM\u2009–\u200911:30\u202fPM', 'Wednesday: 8:00\u202fAM\u2009–\u200911:30\u202fPM', 'Thursday: 8:00\u202fAM\u2009–\u200911:30\u202fPM', 'Friday: 8:00\u202fAM\u2009–\u200911:30\u202fPM', 'Saturday: 8:00\u202fAM\u2009–\u200911:30\u202fPM', 'Sunday: 8:00\u202fAM\u2009–\u200911:30\u202fPM']","['restaurant', 'food', 'point_of_interest', 'establishment']",4,1527
ChIJ78thjjYYQjERkiy-c9ebVPE,Danang Fine Arts Museum,"78 Đ. Lê Duẩn, Thạch Thang, Hải Châu, Đà Nẵng 550000, Vietnam",16.0712986,108.2177249,"['Monday: 8:00\u202fAM\u2009–\u20095:00\u202fPM', 'Tuesday: 8:00\u202fAM\u2009–\u20095:00\u202fPM', 'Wednesday: 8:00\u202fAM\u2009–\u20095:00\u202fPM', 'Thursday: 8:00\u202fAM\u2009–\u20095:00\u202fPM', 'Friday: 8:00\u202fAM\u2009–\u20095:00\u202fPM', 'Saturday: 8:00\u202fAM\u2009–\u20095:00\u202fPM', 'Sunday: 8:00\u202fAM\u2009–\u20095:00\u202fPM']","['tourist_attraction', 'museum', 'point_of_interest', 'establishment']",4.4,621
ChIJ7WTP810XQjERzwImZ7JJx9Y,Upside down house,"44 Hồ Xuân Hương, Khuê Mỹ, Ngũ Hành Sơn, Đà Nẵng, Vietnam",16.0388189,108.2448648,"['Monday: 9:00\u202fAM\u2009–\u20097:00\u202fPM', 'Tuesday: 9:00\u202fAM\u2009–\u20097:00\u202fPM', 'Wednesday: 9:00\u202fAM\u2009–\u20097:00\u202fPM', 'Thursday: 9:00\u202fAM\u2009–\u20097:00\u202fPM', 'Friday: 9:00\u202fAM\u2009–\u20097:00\u202fPM', 'Saturday: 9:00\u202fAM\u2009–\u20097:00\u202fPM', 'Sunday: 9:00\u202fAM\u2009–\u20097:00\u202fPM']","['tourist_attraction', 'point_of_interest', 'establishment']",3.7,58
ChIJ82_sTbkQQjERQ5jmVkoovic,Bảo Tàng Văn Hóa Phật Giáo,"48 Sư Vạn Hạnh, Hoà Hải, Ngũ Hành Sơn, Đà Nẵng 550000, Vietnam",15.9989293,108.2547934,"['Monday: 8:00\u202fAM\u2009–\u20096:00\u202fPM', 'Tuesday: 8:00\u202fAM\u2009–\u20096:00\u202fPM', 'Wednesday: 8:00\u202fAM\u2009–\u20096:00\u202fPM', 'Thursday: 8:00\u202fAM\u2009–\u20096:00\u202fPM', 'Friday: 8:00\u202fAM\u2009–\u20096:00\u202fPM', 'Saturday: 8:00\u202fAM\u2009–\u20096:00\u202fPM', 'Sunday: 8:00\u202fAM\u2009–\u20096:00\u202fPM']","['museum', 'tourist_attraction', 'point_of_interest', 'establishment']",4.8,8
ChIJ86LzsaUhQjERGxE6itCeBCY,Suoi Luong,"Suối Lương, Hoà Hiệp Bắc, Liên Chiểu, Đà Nẵng, Vietnam",16.1566197,108.1093217,"['Monday: 8:00\u202fAM\u2009–\u20095:00\u202fPM', 'Tuesday: 8:00\u202fAM\u2009–\u20095:00\u202fPM', 'Wednesday: 8:00\u202fAM\u2009–\u20095:00\u202fPM', 'Thursday: 8:00\u202fAM\u2009–\u20095:00\u202fPM', 'Friday: 8:00\u202fAM\u2009–\u20095:00\u202fPM', 'Saturday: 8:00\u202fAM\u2009–\u20095:00\u202fPM', 'Sunday: 8:00\u202fAM\u2009–\u20095:00\u202fPM']","['tourist_attraction', 'point_of_interest', 'establishment']",4,1161
ChIJ9TvlUrYZQjERfWaqao7uEDI,Khách Sạn Minh Hòa,"95 Lê Đình Lý, Vĩnh Trung, Thanh Khê, Đà Nẵng 550000, Vietnam",16.0566137,108.2117756,"['Monday: Open 24 hours', 'Tuesday: Open 24 hours', 'Wednesday: Open 24 hours', 'Thursday: Open 24 hours', 'Friday: Open 24 hours', 'Saturday: Open 24 hours', 'Sunday: Open 24 hours']","['lodging', 'point_of_interest', 'establishment']",3.8,58
ChIJAQCw3AMZQjERg81Zx6Ys8qM,My's Coffee,"357M+848, Hồ Tương, Thanh Khê Đông, Thanh Khê, Đà Nẵng 550000, Vietnam",16.0632781,108.1828231,"['Monday: Open 24 hours', 'Tuesday: Open 24 hours', 'Wednesday: Open 24 hours', 'Thursday: Open 24 hours', 'Friday: Open 24 hours', 'Saturday: Open 24 hours', 'Sunday: Open 24 hours']","['cafe', 'food', 'point_of_interest', 'establishment']",4,141
ChIJAYkYfLEZQjEReED6J_FH7yg,cơm niêu Hồng Phúc (Nguyễn Tri Phương),"164, 166 Nguyễn Tri Phương, Thạc Gián, Thanh Khê, Đà Nẵng 550000, Vietnam",16.0598851,108.2053559,"['Monday: 9:00\u202fAM\u2009–\u20099:00\u202fPM', 'Tuesday: 9:00\u202fAM\u2009–\u20099:00\u202fPM', 'Wednesday: 9:00\u202fAM\u2009–\u20099:00\u202fPM', 'Thursday: 9:00\u202fAM\u2009–\u20099:00\u202fPM', 'Friday: 9:00\u202fAM\u2009–\u20099:00\u202fPM', 'Saturday: 9:00\u202fAM\u2009–\u20099:00\u202fPM', 'Sunday: 9:00\u202fAM\u2009–\u20099:00\u202fPM']","['restaurant', 'food', 'point_of_interest', 'establishment']",3.7,963
ChIJAxQgHbQZQjERth3000kYD2g,Dasushi,"266, 268 Nguyễn Văn Linh, Thạc Gián, Thanh Khê, Đà Nẵng 550000, Vietnam",16.0598177,108.2090174,"['Monday: 10:00\u202fAM\u2009–\u200910:00\u202fPM', 'Tuesday: 10:00\u202fAM\u2009–\u200910:00\u202fPM', 'Wednesday: 10:00\u202fAM\u2009–\u200910:00\u202fPM', 'Thursday: 10:00\u202fAM\u2009–\u200910:00\u202fPM', 'Friday: 10:00\u202fAM\u2009–\u200910:00\u202fPM', 'Saturday: 10:00\u202fAM\u2009–\u200910:00\u202fPM', 'Sunday: 10:00\u202fAM\u2009–\u200910:00\u202fPM']","['restaurant', 'food', 'point_of_interest', 'establishment']",3.9,256
ChIJBa6tzjIYQjERYUANyQkdLDU,Hotel Rainbow,"220 Bạch Đằng, Phước Ninh, Hải Châu, Đà Nẵng 550000, Vietnam",16.0645389,108.2239685,,"['lodging', 'point_of_interest', 'establishment']",3.7,111
ChIJBz4sPgAZQjERCgABB_4OgLQ,Hòa Mỹ,"411 Điện Biên Phủ, Hòa Khê, Thanh Khê, Đà Nẵng 550000, Vietnam",16.0655344,108.1889257,,"['lodging', 'point_of_interest', 'establishment']",3.8,54
ChIJC--WM94dQjERanUjSb99wac,Chớm Hạ - Bánh Tráng Túy Loan,"Chợ Túy Loan, Hoà Phong, Hòa Vang, Đà Nẵng, Vietnam",15.9900211,108.1404581,,"['restaurant', 'food', 'point_of_interest', 'establishment']",5,4
ChIJD0R5P8sZQjER_nZgGVVRagk,SPOT ON 670 Zion Motel,"121 Hoàng Văn Thụ, Phước Ninh, Hải Châu, Đà Nẵng 550000, Vietnam",16.0626391,108.2186137,"['Monday: Open 24 hours', 'Tuesday: Open 24 hours', 'Wednesday: Open 24 hours', 'Thursday: Open 24 hours', 'Friday: Open 24 hours', 'Saturday: Open 24 hours', 'Sunday: Open 24 hours']","['lodging', 'point_of_interest', 'establishment']",3.6,63
ChIJDwGh8OkZQjERDYCZ8qcjxbs,Nhà Hàng Tuyên Sơn 2,"60-62 30 Tháng 4, Hòa Cường, Hải Châu, Đà Nẵng 550000, Vietnam",16.0401447,108.2139202,"['Monday: 8:00\u202fAM\u2009–\u200910:00\u202fPM', 'Tuesday: 8:00\u202fAM\u2009–\u200910:00\u202fPM', 'Wednesday: 8:00\u202fAM\u2009–\u200910:00\u202fPM', 'Thursday: 8:00\u202fAM\u2009–\u200910:00\u202fPM', 'Friday: 8:00\u202fAM\u2009–\u200910:00\u202fPM', 'Saturday: 8:00\u202fAM\u2009–\u200910:00\u202fPM', 'Sunday: 8:00\u202fAM\u2009–\u200910:00\u202fPM']","['restaurant', 'food', 'point_of_interest', 'establishment']",4,229
ChIJESDKJ8UZQjER_a0FRhktnV0,Nhà hàng Minh Tâm Đảo Xanh,"Lô 3A, 2.5 Trần Thị Lý, Hoà Cường Bắc, Hải Châu, Đà Nẵng 550000, Vietnam",16.0490718,108.2241468,"['Monday: 8:00\u202fAM\u2009–\u200910:00\u202fPM', 'Tuesday: 8:30\u202fAM\u2009–\u200910:00\u202fPM', 'Wednesday: 9:30\u202fAM\u2009–\u200910:00\u202fPM', 'Thursday: 8:30\u202fAM\u2009–\u200910:00\u202fPM', 'Friday: 8:30\u202fAM\u2009–\u200910:00\u202fPM', 'Saturday: 8:30\u202fAM\u2009–\u200910:00\u202fPM', 'Sunday: 8:30\u202fAM\u2009–\u200910:00\u202fPM']","['restaurant', 'food', 'point_of_interest', 'establishment']",3.6,421
ChIJEU3XDMoZQjERZa3tVqPA7_4,Ui Chao Lẩu Nướng,"57 Nguyễn Văn Linh, Bình Hiên, Hải Châu, Đà Nẵng 550000, Vietnam",16.0607424,108.2205214,"['Monday: 10:00\u202fAM\u2009–\u200911:00\u202fPM', 'Tuesday: 10:00\u202fAM\u2009–\u200911:00\u202fPM', 'Wednesday: 10:00\u202fAM\u2009–\u200911:00\u202fPM', 'Thursday: 10:00\u202fAM\u2009–\u200911:00\u202fPM', 'Friday: 10:00\u202fAM\u2009–\u200911:00\u202fPM', 'Saturday: 10:00\u202fAM\u2009–\u200911:00\u202fPM', 'Sunday: 10:00\u202fAM\u2009–\u200911:00\u202fPM']","['restaurant', 'food', 'point_of_interest', 'establishment']",3.9,225
ChIJEymIkTYYQjERWO-pgjkKGMk,Đà Nẵng Museum,"24 Đ. Trần Phú, Thạch Thang, Hải Châu, Đà Nẵng 550000, Vietnam",16.0763229,108.221648,"['Monday: 8:00\u2009–\u200911:30\u202fAM, 2:00\u2009–\u20095:00\u202fPM', 'Tuesday: 8:00\u2009–\u200911:30\u202fAM, 2:00\u2009–\u20095:00\u202fPM', 'Wednesday: 8:00\u2009–\u200911:30\u202fAM, 2:00\u2009–\u20095:00\u202fPM', 'Thursday: 8:00\u2009–\u200911:30\u202fAM, 2:00\u2009–\u20095:00\u202fPM', 'Friday: 8:00\u2009–\u200911:30\u202fAM, 2:00\u2009–\u20095:00\u202fPM', 'Saturday: 8:00\u2009–\u200911:30\u202fAM, 2:00\u2009–\u20095:00\u202fPM', 'Sunday: 8:00\u2009–\u200911:30\u202fAM, 2:00\u2009–\u20095:00\u202fPM']","['tourist_attraction', 'museum', 'point_of_interest', 'establishment']",4,1382
ChIJF8yRoecZQjERdDBeBdSRD-Y,Asia Park - Sun World Da Nang Wonders,"1 Phan Đăng Lưu, Hoà Cường Bắc, Hải Châu, Đà Nẵng, Vietnam",16.0383924,108.2266751,"['Monday: 3:00\u2009–\u200910:00\u202fPM', 'Tuesday: 3:00\u2009–\u200910:00\u202fPM', 'Wednesday: 3:00\u2009–\u200910:00\u202fPM', 'Thursday: 3:00\u2009–\u200910:00\u202fPM', 'Friday: 3:00\u2009–\u200910:00\u202fPM', 'Saturday: 3:00\u2009–\u200910:00\u202fPM', 'Sunday: 3:00\u2009–\u200910:00\u202fPM']","['tourist_attraction', 'amusement_park', 'park', 'point_of_interest', 'establishment']",4.4,8452
ChIJFTMT5a8ZQjER_GqUyRos_f4,PHỞ 24 - ĐÀ NẴNG,"Quầy B, Sân Bay Quốc Nội Đà Nẵng, Duy Tân, Hòa Thuận Tây, Hải Châu, Đà Nẵng 550000, Vietnam",16.0533386,108.2024189,"['Monday: 6:00\u202fAM\u2009–\u200911:00\u202fPM', 'Tuesday: 6:00\u202fAM\u2009–\u200911:00\u202fPM', 'Wednesday: 6:00\u202fAM\u2009–\u200911:00\u202fPM', 'Thursday: 6:00\u202fAM\u2009–\u200911:00\u202fPM', 'Friday: 6:00\u202fAM\u2009–\u200911:00\u202fPM', 'Saturday: 6:00\u202fAM\u2009–\u200911:00\u202fPM', 'Sunday: 6:00\u202fAM\u2009–\u200911:00\u202fPM']","['restaurant', 'food', 'point_of_interest', 'establishment']",3.7,77
ChIJFeQ3IOgZQjERt_S0v8EQgi8,Đài Tưởng niệm Liệt sỹ TP Đà Nẵng,"664 Đ. 2 Tháng 9, Hoà Cường Bắc, Hải Châu, Đà Nẵng, Vietnam",16.0410321,108.2243161,,"['point_of_interest', 'establishment']",4.3,3
ChIJFzkgXmA9QjERbjn2eoPqMn8,Tinh Vien Son Tra,"Lương Hữu Khánh, Thọ Quang, Sơn Trà, Đà Nẵng, Vietnam",16.1147325,108.2572469,"['Monday: 6:30\u202fAM\u2009–\u20095:00\u202fPM', 'Tuesday: 6:30\u202fAM\u2009–\u20095:00\u202fPM', 'Wednesday: 6:30\u202fAM\u2009–\u20095:00\u202fPM', 'Thursday: 6:30\u202fAM\u2009–\u20095:00\u202fPM', 'Friday: 6:30\u202fAM\u2009–\u20095:00\u202fPM', 'Saturday: 6:30\u202fAM\u2009–\u20095:00\u202fPM', 'Sunday: 6:30\u202fAM\u2009–\u20095:00\u202fPM']","['park', 'point_of_interest', 'establishment']",4.6,531
ChIJG-WkJEsYQjERtFVbQM2c4xM,Mamma Mia,"72 Hàm Nghi, Thạc Gián, Thanh Khê, Đà Nẵng 550000, Vietnam",16.062526,108.2101802,"['Monday: 6:00\u202fAM\u2009–\u200910:00\u202fPM', 'Tuesday: 6:00\u202fAM\u2009–\u200910:00\u202fPM', 'Wednesday: 6:00\u202fAM\u2009–\u200910:00\u202fPM', 'Thursday: 6:00\u202fAM\u2009–\u200910:00\u202fPM', 'Friday: 6:00\u202fAM\u2009–\u200910:00\u202fPM', 'Saturday: 6:00\u202fAM\u2009–\u200910:00\u202fPM', 'Sunday: 6:00\u202fAM\u2009–\u200910:00\u202fPM']","['restaurant', 'food', 'point_of_interest', 'establishment']",3.8,30
ChIJGbzqh_YZQjERwzj9AqNgnEM,Chùa Xuân Hòa,"Xuan Ha, Thanh Khê District, Da Nang 550000, Vietnam",16.0686057,108.192376,,"['museum', 'point_of_interest', 'establishment']",5,2
ChIJGculbbQZQjERPy4RPlUVE7U,DNTN TÂN TÂN,"3665+CHP, Thạc Gián, Thanh Khê, Đà Nẵng 550000, Vietnam",16.0610803,108.2089665,"['Monday: Closed', 'Tuesday: Closed', 'Wednesday: 12:00\u202fAM\u2009–\u20099:00\u202fPM', 'Thursday: Closed', 'Friday: Closed', 'Saturday: Closed', 'Sunday: Closed']","['museum', 'point_of_interest', 'establishment']",4.1,10
ChIJGeVGlAMZQjERD2F71k6ayJQ,Cafe Mộc,"357M+42R, Hồ Tương, Thanh Khê Đông, Thanh Khê, Đà Nẵng 550000, Vietnam",16.0628624,108.1825041,"['Monday: 6:00\u202fAM\u2009–\u20098:30\u202fPM', 'Tuesday: 6:00\u202fAM\u2009–\u20098:30\u202fPM', 'Wednesday: 6:00\u202fAM\u2009–\u20098:30\u202fPM', 'Thursday: 6:00\u202fAM\u2009–\u20098:30\u202fPM', 'Friday: 6:00\u202fAM\u2009–\u20098:30\u202fPM', 'Saturday: 6:00\u202fAM\u2009–\u20098:30\u202fPM', 'Sunday: 6:00\u202fAM\u2009–\u20098:30\u202fPM']","['cafe', 'food', 'point_of_interest', 'establishment']",3.8,23
ChIJGeaGSLIZQjERoLnjaru2VGU,Cơm niêu 3 Cá Bống,"112 Nguyễn Tri Phương, Chính Gián, Thanh Khê, Đà Nẵng 550000, Vietnam",16.0615546,108.2043947,"['Monday: 9:00\u202fAM\u2009–\u200910:00\u202fPM', 'Tuesday: 9:00\u202fAM\u2009–\u200910:00\u202fPM', 'Wednesday: 9:00\u202fAM\u2009–\u200910:00\u202fPM', 'Thursday: 9:00\u202fAM\u2009–\u200910:00\u202fPM', 'Friday: 12:00\u202fAM\u2009–\u200910:00\u202fPM', 'Saturday: 9:00\u202fAM\u2009–\u200910:00\u202fPM', 'Sunday: 9:00\u202fAM\u2009–\u200910:00\u202fPM']","['restaurant', 'food', 'point_of_interest', 'establishment']",4,285
ChIJH7RQcL4ZQjERUa2de8SDQjA,WIN WIN HOSTEL,"460 Trưng Nữ Vương, Hòa Thuận Nam, Hải Châu, Đà Nẵng 550000, Vietnam",16.0503829,108.2150664,,"['lodging', 'point_of_interest', 'establishment']",4,57
ChIJH9mnMhoZQjERgtZFcXEiXps,Khách Sạn Tuyết Vân II - Bến xe Đà Nẵng,"36 Nam Trân, Hoà Minh, Liên Chiểu, Đà Nẵng 550000, Vietnam",16.0592996,108.1720359,"['Monday: Open 24 hours', 'Tuesday: Open 24 hours', 'Wednesday: Open 24 hours', 'Thursday: Open 24 hours', 'Friday: Open 24 hours', 'Saturday: Open 24 hours', 'Sunday: Open 24 hours']","['lodging', 'point_of_interest', 'establishment']",3.6,30
ChIJHTR8VDIYQjERdfEDU-POofU,Đà Nẵng Cathedral,"156 Đ. Trần Phú, Hải Châu 1, Hải Châu, Đà Nẵng 550000, Vietnam",16.0666718,108.2229706,"['Monday: 6:00\u202fAM\u2009–\u20094:30\u202fPM', 'Tuesday: 6:00\u202fAM\u2009–\u20094:30\u202fPM', 'Wednesday: 6:00\u202fAM\u2009–\u20094:30\u202fPM', 'Thursday: 6:00\u202fAM\u2009–\u20094:30\u202fPM', 'Friday: 6:00\u202fAM\u2009–\u20094:30\u202fPM', 'Saturday: 6:00\u202fAM\u2009–\u20094:30\u202fPM', 'Sunday: 11:30\u202fAM\u2009–\u20091:30\u202fPM']","['tourist_attraction', 'church', 'place_of_worship', 'point_of_interest', 'establishment']",3.9,9386
ChIJHwTBgbkZQjERMasXdSlll1w,G-Coffee,"122 Duy Tân, Hòa Thuận Nam, Hải Châu, Đà Nẵng 550000, Vietnam",16.0511511,108.2082478,"['Monday: 6:00\u202fAM\u2009–\u200910:00\u202fPM', 'Tuesday: 6:00\u202fAM\u2009–\u200910:00\u202fPM', 'Wednesday: 6:00\u202fAM\u2009–\u200910:00\u202fPM', 'Thursday: 6:00\u202fAM\u2009–\u200910:00\u202fPM', 'Friday: 6:00\u202fAM\u2009–\u200910:00\u202fPM', 'Saturday: 6:00\u202fAM\u2009–\u200910:00\u202fPM', 'Sunday: 6:00\u202fAM\u2009–\u200910:00\u202fPM']","['cafe', 'point_of_interest', 'food', 'establishment']",4.1,36
ChIJISuvVcsZQjERhnOk-O_w9pI,Moonlight DaNang Hotel,"136, 138 – 140 Phan Châu Trinh, Phước Ninh, Hải Châu, Đà Nẵng 550000, Vietnam",16.0638028,108.2196298,"['Monday: Open 24 hours', 'Tuesday: Open 24 hours', 'Wednesday: Open 24 hours', 'Thursday: Open 24 hours', 'Friday: Open 24 hours', 'Saturday: Open 24 hours', 'Sunday: Open 24 hours']","['lodging', 'restaurant', 'food', 'point_of_interest', 'establishment']",3.8,512
ChIJJ-xGX8sZQjERu02IB7BAu54,Dasushi,"150 Phan Châu Trinh, Phước Ninh, Hải Châu, Đà Nẵng 550000, Vietnam",16.0633901,108.2197091,"['Monday: 10:30\u202fAM\u2009–\u200910:30\u202fPM', 'Tuesday: 10:30\u202fAM\u2009–\u200910:30\u202fPM', 'Wednesday: 10:30\u202fAM\u2009–\u200910:30\u202fPM', 'Thursday: 10:30\u202fAM\u2009–\u200910:30\u202fPM', 'Friday: 10:30\u202fAM\u2009–\u200910:30\u202fPM', 'Saturday: 10:30\u202fAM\u2009–\u200910:30\u202fPM', 'Sunday: 10:30\u202fAM\u2009–\u200910:30\u202fPM']","['restaurant', 'food', 'point_of_interest', 'establishment']",3.8,360
ChIJJZ1hfzEYQjERvlxA5abck6E,Fulmar Hotel,"11 Yên Bái, Hải Châu 1, Hải Châu, Đà Nẵng 550000, Vietnam",16.0697077,108.2228726,"['Monday: Open 24 hours', 'Tuesday: Open 24 hours', 'Wednesday: Open 24 hours', 'Thursday: Open 24 hours', 'Friday: Open 24 hours', 'Saturday: Open 24 hours', 'Sunday: Open 24 hours']","['lodging', 'point_of_interest', 'establishment']",3.8,109
ChIJK0gKAjUYQjERAN1NrnpHclM,Bún Mắm Vân,"23/14 Trần Kế Xương, Hải Châu 2, Hải Châu, Đà Nẵng 550000, Vietnam",16.066815,108.216984,"['Monday: 6:30\u202fAM\u2009–\u200910:00\u202fPM', 'Tuesday: 6:30\u202fAM\u2009–\u200910:00\u202fPM', 'Wednesday: 6:30\u202fAM\u2009–\u200910:00\u202fPM', 'Thursday: 6:30\u202fAM\u2009–\u200910:00\u202fPM', 'Friday: 6:30\u202fAM\u2009–\u200910:00\u202fPM', 'Saturday: 6:30\u202fAM\u2009–\u200910:00\u202fPM', 'Sunday: 6:30\u202fAM\u2009–\u200910:00\u202fPM']","['restaurant', 'food', 'point_of_interest', 'establishment']",4.2,718
ChIJK4sVPc0ZQjERdGROWQ8MMg4,Helio Center,"Tòa nhà Helio, 01 Đ. 2 Tháng 9, Hoà Cường Bắc, Hải Châu, Đà Nẵng, Vietnam",16.0359504,108.2242925,"['Monday: 5:00\u2009–\u200910:00\u202fPM', 'Tuesday: 5:00\u2009–\u200910:00\u202fPM', 'Wednesday: 5:00\u2009–\u200910:00\u202fPM', 'Thursday: 5:00\u2009–\u200910:00\u202fPM', 'Friday: 5:00\u2009–\u200910:00\u202fPM', 'Saturday: 5:00\u2009–\u200910:30\u202fPM', 'Sunday: 5:00\u2009–\u200910:30\u202fPM']","['point_of_interest', 'establishment']",4.3,2915
ChIJK8zax7kZQjERCiWaW3KLyns,Bamboo Hotel,"418 Nguyễn Tri Phương, Hòa Thuận Nam, Hải Châu, Đà Nẵng 550000, Vietnam",16.0524158,108.2101211,"['Monday: Open 24 hours', 'Tuesday: Open 24 hours', 'Wednesday: Open 24 hours', 'Thursday: Open 24 hours', 'Friday: Open 24 hours', 'Saturday: Open 24 hours', 'Sunday: Open 24 hours']","['lodging', 'point_of_interest', 'establishment']",4,114
ChIJKwa8fzoYQjERbNsyeIjSIgg,Mia,"9-11 Quang Trung, Hải Châu 1, Hải Châu, Đà Nẵng 550000, Vietnam",16.0750263,108.222222,"['Monday: 6:30\u202fAM\u2009–\u20096:30\u202fPM', 'Tuesday: 6:30\u202fAM\u2009–\u20096:30\u202fPM', 'Wednesday: 6:30\u202fAM\u2009–\u20096:30\u202fPM', 'Thursday: 6:30\u202fAM\u2009–\u20096:30\u202fPM', 'Friday: 6:30\u202fAM\u2009–\u20096:30\u202fPM', 'Saturday: 6:30\u202fAM\u2009–\u20096:30\u202fPM', 'Sunday: 6:30\u202fAM\u2009–\u20096:30\u202fPM']","['cafe', 'point_of_interest', 'food', 'establishment']",4.2,177
ChIJLTomluP3QTERUy-b9iAYR8U,Khu du lịch sinh thái Suối Hoa,"XX5W+926, QL14G, Hoà Phú, Hòa Vang, Đà Nẵng, Vietnam",15.95841,107.9950213,"['Monday: Open 24 hours', 'Tuesday: Open 24 hours', 'Wednesday: Open 24 hours', 'Thursday: Open 24 hours', 'Friday: Open 24 hours', 'Saturday: Open 24 hours', 'Sunday: Open 24 hours']","['tourist_attraction', 'point_of_interest', 'establishment']",3.5,16
ChIJLWoAs80ZQjERLKHDYD-ZymI,Da Nang Museum of Cham Sculpture,"Số 02 Đ. 2 Tháng 9, Bình Hiên, Hải Châu, Đà Nẵng 550000, Vietnam",16.0603007,108.2232677,"['Monday: 7:30\u202fAM\u2009–\u20095:00\u202fPM', 'Tuesday: 7:30\u202fAM\u2009–\u20095:00\u202fPM', 'Wednesday: 7:30\u202fAM\u2009–\u20095:00\u202fPM', 'Thursday: 7:30\u202fAM\u2009–\u20095:00\u202fPM', 'Friday: 7:30\u202fAM\u2009–\u20095:00\u202fPM', 'Saturday: 7:30\u202fAM\u2009–\u20095:00\u202fPM', 'Sunday: 7:30\u202fAM\u2009–\u20095:00\u202fPM']","['tourist_attraction', 'museum', 'general_contractor', 'point_of_interest', 'establishment']",4.1,5217
ChIJL_Y0EBoZQjERFPa5VvJWLGI,Nhà Nghỉ Hồng Ân,"11 Nguyễn Văn Tạo, Hoà Minh, Cẩm Lệ, Đà Nẵng 550000, Vietnam",16.0577685,108.1735045,"['Monday: Open 24 hours', 'Tuesday: Open 24 hours', 'Wednesday: Open 24 hours', 'Thursday: Open 24 hours', 'Friday: Open 24 hours', 'Saturday: Open 24 hours', 'Sunday: Open 24 hours']","['lodging', 'point_of_interest', 'establishment']",3.5,29
ChIJLezJ2eUfQjER1SINSYhL8No,Nước mắm Nam Ô - Hương Làng Cổ,"Kiệt 884 Nguyễn Lương Bằng, Nam Ô 1, Liên Chiểu, Đà Nẵng, Vietnam",16.1148758,108.1298819,"['Monday: Open 24 hours', 'Tuesday: Open 24 hours', 'Wednesday: Open 24 hours', 'Thursday: Open 24 hours', 'Friday: Open 24 hours', 'Saturday: Open 24 hours', 'Sunday: 7:00\u202fAM\u2009–\u200912:00\u202fPM']","['grocery_or_supermarket', 'food', 'point_of_interest', 'store', 'establishment']",5,22
ChIJM560Qk0YQjERJDvIocFeEIw,Nice Hotel,"16 Võ Văn Tần, Chính Gián, Thanh Khê, Đà Nẵng 550000, Vietnam",16.0672779,108.2045311,,"['lodging', 'point_of_interest', 'establishment']",3.5,25
ChIJMTJR2MsZQjERj9KA5AM9JAA,PNT International Airport,"21, 20 Lê Hồng Phong, Phước Ninh, Hải Châu, Đà Nẵng 550000, Vietnam",16.0633724,108.2215429,"['Monday: 8:30\u2009–\u200911:30\u202fAM, 1:30\u2009–\u20094:30\u202fPM, 6:30\u2009–\u20099:30\u202fPM', 'Tuesday: 8:30\u2009–\u200911:30\u202fAM, 1:30\u2009–\u20094:30\u202fPM, 6:30\u2009–\u20099:30\u202fPM', 'Wednesday: 8:30\u2009–\u200911:30\u202fAM, 1:30\u2009–\u20094:30\u202fPM, 6:30\u2009–\u20099:30\u202fPM', 'Thursday: 8:30\u2009–\u200911:30\u202fAM, 1:30\u2009–\u20094:30\u202fPM, 6:30\u2009–\u20099:30\u202fPM', 'Friday: 8:30\u2009–\u200911:30\u202fAM, 1:30\u2009–\u20094:30\u202fPM, 6:30\u2009–\u20099:30\u202fPM', 'Saturday: 8:30\u2009–\u200911:30\u202fAM, 1:30\u2009–\u20094:30\u202fPM, 6:30\u2009–\u20099:30\u202fPM', 'Sunday: 8:30\u2009–\u200911:30\u202fAM, 1:30\u2009–\u20094:30\u202fPM, 6:30\u2009–\u20099:30\u202fPM']","['museum', 'point_of_interest', 'establishment']",5,92
ChIJMy-mQjIYQjERRrzYoziQtfc,Paradise Hotel,"1 Phạm Phú Thứ, Hải Châu 1, Hải Châu, Đà Nẵng 550000, Vietnam",16.0672539,108.2245597,"['Monday: Open 24 hours', 'Tuesday: Open 24 hours', 'Wednesday: Open 24 hours', 'Thursday: Open 24 hours', 'Friday: Open 24 hours', 'Saturday: Open 24 hours', 'Sunday: Open 24 hours']","['lodging', 'point_of_interest', 'establishment']",3.8,38
ChIJN_RWt7UZQjERPP4JMZfm25M,Shinshu,"09 Lê Đình Lý, Vĩnh Trung, Hải Châu, Đà Nẵng 550000, Vietnam",16.0588943,108.2113997,"['Monday: 6:00\u202fAM\u2009–\u200910:00\u202fPM', 'Tuesday: 6:00\u202fAM\u2009–\u200910:00\u202fPM', 'Wednesday: 6:00\u202fAM\u2009–\u200910:00\u202fPM', 'Thursday: 6:00\u202fAM\u2009–\u200910:00\u202fPM', 'Friday: 6:00\u202fAM\u2009–\u200910:00\u202fPM', 'Saturday: 6:00\u202fAM\u2009–\u200910:00\u202fPM', 'Sunday: 6:00\u202fAM\u2009–\u200910:00\u202fPM']","['restaurant', 'food', 'point_of_interest', 'establishment']",4.1,134
ChIJO0y6zMwZQjER3M8ZDhnI_E4,Lẩu bò Ba Duệ,"40 Lê Hồng Phong, Phước Ninh, Hải Châu, Đà Nẵng 550000, Vietnam",16.0640029,108.2219551,"['Monday: 6:00\u2009–\u200911:00\u202fPM', 'Tuesday: 6:00\u2009–\u200911:00\u202fPM', 'Wednesday: 6:00\u2009–\u200911:00\u202fPM', 'Thursday: 6:00\u2009–\u200911:00\u202fPM', 'Friday: 6:00\u2009–\u200911:00\u202fPM', 'Saturday: 6:00\u2009–\u200911:00\u202fPM', 'Sunday: 6:00\u2009–\u200911:00\u202fPM']","['restaurant', 'food', 'point_of_interest', 'establishment']",3.7,77
ChIJP888WE0YQjERUVCfDotmpjA,Nhà Thờ Tin Lành,"3682+HWJ, Chính Gián, Thanh Khê, Đà Nẵng 550000, Vietnam",16.066454,108.202275,,"['museum', 'point_of_interest', 'establishment']",5,2
ChIJPQw247sZQjERXlCopH3mlEc,Cafe VIP Vườn,"34 Nguyễn Hữu Thọ, Hòa Thuận Nam, Hải Châu, Đà Nẵng 550000, Vietnam",16.0553013,108.2086607,"['Monday: 6:30\u202fAM\u2009–\u200910:00\u202fPM', 'Tuesday: 6:30\u202fAM\u2009–\u200910:00\u202fPM', 'Wednesday: 6:30\u202fAM\u2009–\u200910:00\u202fPM', 'Thursday: 6:30\u202fAM\u2009–\u200910:00\u202fPM', 'Friday: 6:30\u202fAM\u2009–\u200910:00\u202fPM', 'Saturday: 6:30\u202fAM\u2009–\u200910:00\u202fPM', 'Sunday: 6:30\u202fAM\u2009–\u200910:00\u202fPM']","['cafe', 'food', 'point_of_interest', 'establishment']",3.8,461
ChIJPSdAA80ZQjERq8vLnRkFG7E,Bamboo Green,"177 Đ. Trần Phú, Hải Châu 1, Hải Châu, Đà Nẵng 550000, Vietnam",16.0664047,108.2237978,,"['lodging', 'point_of_interest', 'establishment']",3.5,310
ChIJPVLCZzIYQjERfFoH2A6LIA0,One Star Hotel,"3 Phạm Phú Thứ, Hải Châu 1, Hải Châu, Đà Nẵng 550000, Vietnam",16.0672541,108.2245584,,"['lodging', 'point_of_interest', 'establishment']",4.1,44
ChIJP_viRLgZQjERu4_Cb1lN_1Q,King Garden Hotel,"456A Nguyễn Tri Phương, Hòa Thuận Nam, Hải Châu, Đà Nẵng 550000, Vietnam",16.0515234,108.2114104,"['Monday: Open 24 hours', 'Tuesday: Open 24 hours', 'Wednesday: Open 24 hours', 'Thursday: Open 24 hours', 'Friday: Open 24 hours', 'Saturday: Open 24 hours', 'Sunday: Open 24 hours']","['lodging', 'point_of_interest', 'establishment']",4.3,56
ChIJPwlvPjMYQjERE56T1OCbYpM,Nhà Hàng Chay Ngọc Chi,"202 Hoàng Diệu, Nam Dương, Hải Châu, Đà Nẵng 550000, Vietnam",16.0618803,108.2174326,"['Monday: 7:00\u202fAM\u2009–\u20099:00\u202fPM', 'Tuesday: 7:00\u202fAM\u2009–\u20099:00\u202fPM', 'Wednesday: 7:00\u202fAM\u2009–\u20099:00\u202fPM', 'Thursday: 7:00\u202fAM\u2009–\u20099:00\u202fPM', 'Friday: 7:00\u202fAM\u2009–\u20099:00\u202fPM', 'Saturday: 7:00\u202fAM\u2009–\u20099:00\u202fPM', 'Sunday: 7:00\u202fAM\u2009–\u20099:00\u202fPM']","['restaurant', 'food', 'point_of_interest', 'establishment']",4.3,407
ChIJQ7Wm3ssZQjERC5aR2l8cnno,Quán Cô Hồng - Gỏi Cá Nam Ô,"118 Huỳnh Thúc Kháng, Nam Dương, Hải Châu, Đà Nẵng 550000, Vietnam",16.0588475,108.2181053,"['Monday: 10:00\u202fAM\u2009–\u20099:30\u202fPM', 'Tuesday: 10:00\u202fAM\u2009–\u20099:30\u202fPM', 'Wednesday: 10:00\u202fAM\u2009–\u20099:30\u202fPM', 'Thursday: 10:00\u202fAM\u2009–\u20099:30\u202fPM', 'Friday: 10:00\u202fAM\u2009–\u20099:30\u202fPM', 'Saturday: 10:00\u202fAM\u2009–\u20099:30\u202fPM', 'Sunday: 10:00\u202fAM\u2009–\u20099:30\u202fPM']","['restaurant', 'food', 'point_of_interest', 'establishment']",4.2,235
ChIJR1aq9sMZQjERm5CGfBs-Qi4,Que Xua Restaurant,"165 Núi Thành, Hoà Cường Bắc, Hải Châu, Đà Nẵng 550000, Vietnam",16.046858,108.2212214,"['Monday: 6:00\u202fAM\u2009–\u200910:00\u202fPM', 'Tuesday: 6:00\u202fAM\u2009–\u200910:00\u202fPM', 'Wednesday: 6:00\u202fAM\u2009–\u200910:00\u202fPM', 'Thursday: 6:00\u202fAM\u2009–\u200910:00\u202fPM', 'Friday: 6:00\u202fAM\u2009–\u200910:00\u202fPM', 'Saturday: 6:00\u202fAM\u2009–\u200910:00\u202fPM', 'Sunday: 6:00\u202fAM\u2009–\u200910:00\u202fPM']","['restaurant', 'point_of_interest', 'food', 'establishment']",4.2,1074
ChIJRYjrnzQYQjEREPETMC25_qg,Pacific Hotel,"92 Phan Châu Trinh, Street, Hải Châu, Đà Nẵng 550000, Vietnam",16.0657195,108.2199161,,"['lodging', 'point_of_interest', 'establishment']",3.6,198
ChIJSRHNYzIYQjERyqgy_wxG-7Y,Brilliant Hotel,"162 Bạch Đằng, Hải Châu 1, Hải Châu, Đà Nẵng 550000, Vietnam",16.0667352,108.2246568,"['Monday: Open 24 hours', 'Tuesday: Open 24 hours', 'Wednesday: Open 24 hours', 'Thursday: Open 24 hours', 'Friday: Open 24 hours', 'Saturday: Open 24 hours', 'Sunday: Open 24 hours']","['lodging', 'point_of_interest', 'establishment']",4.3,1704
ChIJSRWy6Hr3QTERiU3vuI0PbHw,Ecological Tourist Zone Lai Thieu,"XX4G+F5Q, Hoà Phú, Hòa Vang, Da Nang, Vietnam",15.9562015,107.9754714,,"['rv_park', 'lodging', 'point_of_interest', 'establishment']",3.8,164
ChIJSSaN5u4ZQjERQkKpcWuRjqY,Nhà lưu niệm cụ Nguyễn Xuân Hữu,"127 Đường Nguyễn Xuân Hữu, Hòa Thọ Đông, Cẩm Lệ, Đà Nẵng 550000, Vietnam",16.0587229,108.1809719,,"['museum', 'point_of_interest', 'establishment']",1,1
ChIJSz7MQ8sZQjER7C6nPWVk_UA,Golden Beach Hotel,"109 Hoàng Văn Thụ, Phước Ninh, Hải Châu, Đà Nẵng 550000, Vietnam",16.0629635,108.218955,,"['lodging', 'point_of_interest', 'establishment']",3.7,34
ChIJU1LFNzIYQjERy0iTTLoLR7c,Mayana Hotel,"40 Nguyễn Thái Học, Hải Châu 1, Hải Châu, Đà Nẵng 550000, Vietnam",16.068191,108.223502,"['Monday: 1:00\u202fAM\u2009–\u200912:00\u202fAM', 'Tuesday: 1:00\u202fAM\u2009–\u200912:00\u202fAM', 'Wednesday: 1:00\u202fAM\u2009–\u200912:00\u202fAM', 'Thursday: 1:00\u202fAM\u2009–\u200912:00\u202fAM', 'Friday: 1:00\u202fAM\u2009–\u200912:00\u202fAM', 'Saturday: 1:00\u202fAM\u2009–\u200912:00\u202fAM', 'Sunday: 1:00\u202fAM\u2009–\u200912:00\u202fAM']","['lodging', 'point_of_interest', 'establishment']",3.7,180
ChIJURsvWrcZQjERkVqXrnmsVj4,Cà Phê Cây Thông,"61 Nguyễn Hữu Thọ, Hòa Thuận Nam, Hải Châu, Đà Nẵng 550000, Vietnam",16.0541418,108.2089242,"['Monday: 6:00\u202fAM\u2009–\u200910:00\u202fPM', 'Tuesday: 6:00\u202fAM\u2009–\u200910:00\u202fPM', 'Wednesday: 6:00\u202fAM\u2009–\u200910:00\u202fPM', 'Thursday: 6:00\u202fAM\u2009–\u200910:00\u202fPM', 'Friday: 6:00\u202fAM\u2009–\u200910:00\u202fPM', 'Saturday: 6:00\u202fAM\u2009–\u200910:00\u202fPM', 'Sunday: 6:00\u202fAM\u2009–\u200910:00\u202fPM']","['cafe', 'food', 'point_of_interest', 'establishment']",4,46
ChIJUddRjUoYQjERKmqv9Qnyujs,Louis Hotel,"121 Hùng Vương, Hải Châu 2, Hải Châu, Đà Nẵng 550000, Vietnam",16.067859,108.2173772,,"['lodging', 'point_of_interest', 'establishment']",3.9,98
ChIJVQHBxr8ZQjERb40FLShGVoA,Homestay Xì Trum,"22 Đào Cam Mộc, Hoà Cường Bắc, Hải Châu, Đà Nẵng 550000, Vietnam",16.0434839,108.212239,,"['lodging', 'point_of_interest', 'establishment']",4.6,46
ChIJVUWYpFEhQjERWfezJnshZpo,Hải Vân Pass,"Hải Vân Pass, Lăng Cô, Phú Lộc, Thua Thien Hue, Vietnam",16.2,108.133333,,"['natural_feature', 'establishment']",4.7,1435
ChIJWVl1NFUYQjERl2v9iNV-6F8,Khách Sạn Đại Long,"190 -192 -194 Hà Huy Tập, Hòa Khê, Thanh Khê, Đà Nẵng 550000, Vietnam",16.0623766,108.1917233,"['Monday: Open 24 hours', 'Tuesday: Open 24 hours', 'Wednesday: Open 24 hours', 'Thursday: Open 24 hours', 'Friday: Open 24 hours', 'Saturday: Open 24 hours', 'Sunday: Open 24 hours']","['lodging', 'point_of_interest', 'establishment']",4.1,170
ChIJW_UcS7kZQjERpfYWsnYAIF0,Quán Đồng Quê,"46 Nguyễn Hữu Thọ, Hòa Thuận Nam, Hải Châu, Đà Nẵng 550000, Vietnam",16.0481312,108.2093638,"['Monday: 6:00\u202fAM\u2009–\u200910:00\u202fPM', 'Tuesday: 6:00\u202fAM\u2009–\u200910:00\u202fPM', 'Wednesday: 6:00\u202fAM\u2009–\u200910:00\u202fPM', 'Thursday: 6:00\u202fAM\u2009–\u200910:00\u202fPM', 'Friday: 6:00\u202fAM\u2009–\u200910:00\u202fPM', 'Saturday: 6:00\u202fAM\u2009–\u200910:00\u202fPM', 'Sunday: 6:00\u202fAM\u2009–\u200910:00\u202fPM']","['restaurant', 'point_of_interest', 'food', 'establishment']",4.1,171
ChIJX0GThjoYQjERN_SngxhSgb0,Song Thu Hotel,"30 Đ. Trần Phú, Hải Châu 1, Hải Châu, Đà Nẵng 550000, Vietnam",16.074429,108.2235242,,"['lodging', 'point_of_interest', 'establishment']",3.5,129
ChIJXzqb9zwZQjERfJ2NdR2Qo4U,Green Hotel Da Nang,"64 Hoàng Văn Thái, Hoà Minh, Liên Chiểu, Đà Nẵng 550000, Vietnam",16.0557082,108.1636827,,"['lodging', 'point_of_interest', 'establishment']",3.9,42
ChIJY2jrw8gZQjER1dPG2ZGZemM,Cầu Thuận Phước Đà Nẵng,"36WC+24F, Cầu, Thuận Phước, Hải Châu, Đà Nẵng 550000, Vietnam",16.0950591,108.2203065,"['Monday: Open 24 hours', 'Tuesday: Open 24 hours', 'Wednesday: Open 24 hours', 'Thursday: Open 24 hours', 'Friday: Open 24 hours', 'Saturday: Open 24 hours', 'Sunday: Open 24 hours']","['point_of_interest', 'establishment']",4.7,84
ChIJY3QYS88ZQjERyxMhbywP-Lg,Gold Hotel Da Nang,"24 Núi Thành, Hòa Thuận Đông, Hải Châu, Đà Nẵng 550000, Vietnam",16.0539436,108.2201004,"['Monday: Open 24 hours', 'Tuesday: Open 24 hours', 'Wednesday: Open 24 hours', 'Thursday: Open 24 hours', 'Friday: Open 24 hours', 'Saturday: Open 24 hours', 'Sunday: Open 24 hours']","['lodging', 'restaurant', 'point_of_interest', 'food', 'establishment']",3.8,289
ChIJY5Fbi7UZQjERbXnfnxJJqVs,Oc Tien Sa Hotel,"163 Đ. Nguyễn Hoàng, Nam Dương, Hải Châu, Đà Nẵng 550000, Vietnam",16.0607395,108.2138061,,"['lodging', 'point_of_interest', 'establishment']",3.8,116
ChIJYcJcqTYYQjERtEUOvQMw-qg,Nha Nam Book N’ Coffee,"19 Pasteur, Hải Châu 1, Hải Châu, Đà Nẵng 550000, Vietnam",16.0698642,108.2192507,"['Monday: 7:00\u202fAM\u2009–\u200910:00\u202fPM', 'Tuesday: 7:00\u202fAM\u2009–\u200910:00\u202fPM', 'Wednesday: 7:00\u202fAM\u2009–\u200910:00\u202fPM', 'Thursday: 7:00\u202fAM\u2009–\u200910:00\u202fPM', 'Friday: 7:00\u202fAM\u2009–\u200910:00\u202fPM', 'Saturday: 7:00\u202fAM\u2009–\u200910:00\u202fPM', 'Sunday: 7:00\u202fAM\u2009–\u200910:00\u202fPM']","['cafe', 'point_of_interest', 'food', 'establishment']",4.3,267
ChIJZ4VHdDQYQjERpZjbKRvqo14,Thu Do Hotel,"125 -127 Hùng Vương, Hải Châu 2, Hải Châu, Đà Nẵng 550000, Vietnam",16.0677255,108.217317,,"['lodging', 'point_of_interest', 'establishment']",3.7,75
ChIJZ4Z5SssZQjERAIcMsBAH1JM,Thuy Vegan Restaurant,"122 Hoàng Diệu, Hải Châu 2, Hải Châu, Đà Nẵng 550000, Vietnam",16.0639028,108.218257,"['Monday: 7:00\u202fAM\u2009–\u20099:30\u202fPM', 'Tuesday: 7:00\u202fAM\u2009–\u20099:30\u202fPM', 'Wednesday: 7:00\u202fAM\u2009–\u20099:30\u202fPM', 'Thursday: 7:00\u202fAM\u2009–\u20099:30\u202fPM', 'Friday: 7:00\u202fAM\u2009–\u20099:30\u202fPM', 'Saturday: 7:00\u202fAM\u2009–\u20099:30\u202fPM', 'Sunday: 7:00\u202fAM\u2009–\u20099:30\u202fPM']","['restaurant', 'food', 'point_of_interest', 'establishment']",4,497
ChIJZWmMe1g9QjERrOGO9nVdagQ,Khu nghỉ mát Du lịch sinh thái Tiên Sa,"Cảng Tiên Sa, Thọ Quang, Sơn Trà, Đà Nẵng, Vietnam",16.1232445,108.219924,"['Monday: Open 24 hours', 'Tuesday: Open 24 hours', 'Wednesday: Open 24 hours', 'Thursday: Open 24 hours', 'Friday: Open 24 hours', 'Saturday: Open 24 hours', 'Sunday: Open 24 hours']","['lodging', 'point_of_interest', 'establishment']",4.2,25
ChIJZawrhc4ZQjERu5XP5jPZmxc,Bushido restaurant,"90 Đ. 2 Tháng 9, Bình Thuận, Hải Châu, Đà Nẵng 550000, Vietnam",16.0563483,108.2220345,"['Monday: 10:00\u202fAM\u2009–\u200910:00\u202fPM', 'Tuesday: 10:00\u202fAM\u2009–\u200910:00\u202fPM', 'Wednesday: 10:00\u202fAM\u2009–\u200910:00\u202fPM', 'Thursday: 10:00\u202fAM\u2009–\u200910:00\u202fPM', 'Friday: 10:00\u202fAM\u2009–\u200910:00\u202fPM', 'Saturday: 10:00\u202fAM\u2009–\u200910:00\u202fPM', 'Sunday: 10:00\u202fAM\u2009–\u200910:00\u202fPM']","['restaurant', 'food', 'point_of_interest', 'establishment']",4,253
ChIJ___Ir84ZQjERyeXzhjNkh8A,KHANG HOMESTAY,"152/4 Trưng Nữ Vương, Bình Hiên, Hải Châu, Đà Nẵng 550000, Vietnam",16.0578452,108.2204331,"['Monday: Open 24 hours', 'Tuesday: Open 24 hours', 'Wednesday: Open 24 hours', 'Thursday: Open 24 hours', 'Friday: Open 24 hours', 'Saturday: Open 24 hours', 'Sunday: Open 24 hours']","['lodging', 'point_of_interest', 'establishment']",4.4,36
ChIJ_d6A7E8XQjERSP_olhmXg6o,Galina Mud Bath & Spa Da Nang,"254 Võ Nguyên Giáp, Phước Mỹ, Sơn Trà, Đà Nẵng 550000, Vietnam",16.0597734,108.2463747,,"['beauty_salon', 'point_of_interest', 'establishment']",2.5,2
ChIJ_db_J8YZQjERA3ZgbpTXKJc,Banh Ca Soc Nau,"467 Hoàng Diệu, Bình Thuận, Hải Châu, Đà Nẵng 550000, Vietnam",16.0530367,108.2177356,"['Monday: Open 24 hours', 'Tuesday: Open 24 hours', 'Wednesday: Open 24 hours', 'Thursday: Open 24 hours', 'Friday: Open 24 hours', 'Saturday: Open 24 hours', 'Sunday: Open 24 hours']","['restaurant', 'food', 'point_of_interest', 'establishment']",4.2,59
ChIJ_ws7qWb3QTERKF5_i9GOiAk,Hoa Phu Thanh Tourism,"QL14G, Hoà Phú, Hòa Vang, Đà Nẵng, Vietnam",15.9567747,107.9911844,"['Monday: 7:30\u202fAM\u2009–\u20095:00\u202fPM', 'Tuesday: 7:00\u202fAM\u2009–\u20095:00\u202fPM', 'Wednesday: 7:30\u202fAM\u2009–\u20095:00\u202fPM', 'Thursday: 7:30\u202fAM\u2009–\u20095:00\u202fPM', 'Friday: 7:30\u202fAM\u2009–\u20095:00\u202fPM', 'Saturday: 7:30\u202fAM\u2009–\u20095:00\u202fPM', 'Sunday: 7:30\u202fAM\u2009–\u20095:00\u202fPM']","['rv_park', 'cafe', 'lodging', 'restaurant', 'point_of_interest', 'food', 'establishment']",4.3,270
ChIJa3dDoTQYQjERIX7-BPgt6-U,Thanh Tien Hotel,"38 Hoàng Diệu, Phước Ninh, Hải Châu, Đà Nẵng 550000, Vietnam",16.0655376,108.2194196,,"['lodging', 'point_of_interest', 'establishment']",3.9,32
ChIJaUDBNkwYQjERNButpWQvSN4,Ẩm thực Trần,"300 Hải Phòng, Chính Gián, Thanh Khê, Đà Nẵng 550000, Vietnam",16.0691882,108.2050687,"['Monday: 7:00\u202fAM\u2009–\u200910:30\u202fPM', 'Tuesday: 7:00\u202fAM\u2009–\u200910:30\u202fPM', 'Wednesday: 7:00\u202fAM\u2009–\u200910:30\u202fPM', 'Thursday: 7:00\u202fAM\u2009–\u200910:30\u202fPM', 'Friday: 7:00\u202fAM\u2009–\u200910:30\u202fPM', 'Saturday: 7:00\u202fAM\u2009–\u200910:30\u202fPM', 'Sunday: 7:00\u202fAM\u2009–\u200910:30\u202fPM']","['restaurant', 'food', 'point_of_interest', 'establishment']",3.8,45
ChIJaa7lANcXQjERmT3kgV5U7uA,Dong Dinh Art Museum,"472G+HC8, Hoàng Sa, Thọ Quang, Sơn Trà, Đà Nẵng, Vietnam",16.1014105,108.2760874,"['Monday: 8:00\u202fAM\u2009–\u20095:00\u202fPM', 'Tuesday: 8:00\u202fAM\u2009–\u20095:00\u202fPM', 'Wednesday: 8:00\u202fAM\u2009–\u20095:00\u202fPM', 'Thursday: 8:00\u202fAM\u2009–\u20095:00\u202fPM', 'Friday: 8:00\u202fAM\u2009–\u20095:00\u202fPM', 'Saturday: 8:00\u202fAM\u2009–\u20095:00\u202fPM', 'Sunday: 8:00\u202fAM\u2009–\u20095:00\u202fPM']","['tourist_attraction', 'museum', 'point_of_interest', 'establishment']",4.1,363
ChIJb0VDNCwYQjERw34jlb4cV5o,Kay Hotel,"357 Đ. Trần Hưng Đạo, An Hải Trung, Sơn Trà, Đà Nẵng 550000, Vietnam",16.0670956,108.2294899,,"['lodging', 'point_of_interest', 'establishment']",3.7,211
ChIJb2wOY8sZQjERiUcaYt-GT_I,Xuan Hung Hotel,"56 Phan Châu Trinh, Hải Châu 1, Hải Châu, Đà Nẵng 550000, Vietnam",16.0672681,108.2201214,,"['lodging', 'point_of_interest', 'establishment']",3.3,71
ChIJbXijvbsiQjERMySlPYOp8dA,Navy Hotel Danang,"3A Yết Kiêu, Thọ Quang, Sơn Trà, Đà Nẵng 550000, Vietnam",16.1241798,108.2218322,"['Monday: Open 24 hours', 'Tuesday: Open 24 hours', 'Wednesday: Open 24 hours', 'Thursday: Open 24 hours', 'Friday: Open 24 hours', 'Saturday: Open 24 hours', 'Sunday: Open 24 hours']","['lodging', 'point_of_interest', 'establishment']",4.1,229
ChIJbbs1ZTQYQjERi3OdfmnRk2g,Hai Chau Village Hall,"3699+3MQ, K48 Phan Châu Trinh, Hải Châu 1, Hải Châu, Đà Nẵng 550000, Vietnam",16.0677019,108.2192454,,"['tourist_attraction', 'point_of_interest', 'establishment']",4.4,34
ChIJcS1UmjQYQjER1fpZXq5x4Ds,Mỳ Quảng Bà Mua,"19-21 Trần Bình Trọng, Phước Ninh, Hải Châu, Đà Nẵng 550000, Vietnam",16.0659789,108.2191595,"['Monday: 6:00\u202fAM\u2009–\u200910:00\u202fPM', 'Tuesday: 6:00\u202fAM\u2009–\u200910:00\u202fPM', 'Wednesday: 6:00\u202fAM\u2009–\u200910:00\u202fPM', 'Thursday: 6:00\u202fAM\u2009–\u200910:00\u202fPM', 'Friday: 6:00\u202fAM\u2009–\u200910:00\u202fPM', 'Saturday: 6:00\u202fAM\u2009–\u200910:00\u202fPM', 'Sunday: 6:00\u202fAM\u2009–\u200910:00\u202fPM']","['restaurant', 'food', 'point_of_interest', 'establishment']",3.9,791
ChIJcVJkUPcXQjERsA8_dfySw5E,3D Museum Art in paradise Da Nang,"Lô 10, Trần Nhân Tông, Thọ Quang, Sơn Trà, Đà Nẵng, Vietnam",16.0954282,108.2431088,"['Monday: 9:00\u202fAM\u2009–\u20095:30\u202fPM', 'Tuesday: 9:00\u202fAM\u2009–\u20095:30\u202fPM', 'Wednesday: 9:00\u202fAM\u2009–\u20095:30\u202fPM', 'Thursday: 9:00\u202fAM\u2009–\u20095:30\u202fPM', 'Friday: 9:00\u202fAM\u2009–\u20095:30\u202fPM', 'Saturday: 9:00\u202fAM\u2009–\u20095:30\u202fPM', 'Sunday: 9:00\u202fAM\u2009–\u20095:30\u202fPM']","['tourist_attraction', 'museum', 'point_of_interest', 'establishment']",4.3,1993
ChIJcX5KWskZQjERBp15jBCWYKg,Samdi,"292 Phan Châu Trinh, Bình Hiên, Hải Châu, Đà Nẵng 550000, Vietnam",16.0581999,108.2189718,"['Monday: Open 24 hours', 'Tuesday: Open 24 hours', 'Wednesday: Open 24 hours', 'Thursday: Open 24 hours', 'Friday: Open 24 hours', 'Saturday: Open 24 hours', 'Sunday: Open 24 hours']","['restaurant', 'food', 'point_of_interest', 'establishment']",4.3,28
ChIJdQhCA80ZQjERpJ_mZwZ0-vQ,Green Plaza,"238 Bạch Đằng, Phước Ninh, Hải Châu, Đà Nẵng 550000, Vietnam",16.0635161,108.2237119,"['Monday: Open 24 hours', 'Tuesday: Open 24 hours', 'Wednesday: Open 24 hours', 'Thursday: Open 24 hours', 'Friday: Open 24 hours', 'Saturday: Open 24 hours', 'Sunday: Open 24 hours']","['lodging', 'point_of_interest', 'establishment']",4,923
ChIJdZsHAkoYQjER9tHLms7dmVI,Iris Hotel,"181, 183 Đ. Lê Duẩn, Hải Châu 2, Hải Châu, Đà Nẵng 550000, Vietnam",16.0700755,108.2138671,"['Monday: Open 24 hours', 'Tuesday: Open 24 hours', 'Wednesday: Open 24 hours', 'Thursday: Open 24 hours', 'Friday: Open 24 hours', 'Saturday: Open 24 hours', 'Sunday: Open 24 hours']","['lodging', 'point_of_interest', 'establishment']",4,246
ChIJe2cS58sZQjERsoY0bBnpamQ,Quang pham,"Unnamed Road, 3686+CQP, Vĩnh Trung, Thanh Khê, Đà Nẵng 550000, Vietnam",16.0660974,108.2119598,,"['museum', 'point_of_interest', 'establishment']",,
ChIJeSWjerkZQjERQockAhpm40I,Nhà Hàng Tuấn Mập,"85 Duy Tân, Hòa Thuận Nam, Hải Châu, Đà Nẵng 550000, Vietnam",16.0503034,108.2084754,"['Monday: 10:00\u202fAM\u2009–\u200911:00\u202fPM', 'Tuesday: 10:00\u202fAM\u2009–\u200911:00\u202fPM', 'Wednesday: 10:00\u202fAM\u2009–\u200911:00\u202fPM', 'Thursday: 10:00\u202fAM\u2009–\u200911:00\u202fPM', 'Friday: 10:00\u202fAM\u2009–\u200911:00\u202fPM', 'Saturday: 10:00\u202fAM\u2009–\u200911:00\u202fPM', 'Sunday: 10:00\u202fAM\u2009–\u200911:00\u202fPM']","['restaurant', 'food', 'point_of_interest', 'establishment']",3.8,686
ChIJfWLaOs8ZQjERFiow_e52r54,Ăn vặt 3colu,"36 Nguyễn Bá Học, Bình Thuận, Hải Châu, Đà Nẵng 550000, Vietnam",16.0546775,108.2206855,"['Monday: 3:30\u2009–\u20099:30\u202fPM', 'Tuesday: 3:30\u2009–\u20099:30\u202fPM', 'Wednesday: 3:30\u2009–\u20099:30\u202fPM', 'Thursday: 3:30\u2009–\u20099:30\u202fPM', 'Friday: 3:30\u2009–\u20099:30\u202fPM', 'Saturday: 3:30\u2009–\u20099:30\u202fPM', 'Sunday: 3:30\u2009–\u20099:30\u202fPM']","['restaurant', 'food', 'point_of_interest', 'establishment']",4.1,170
ChIJfYnbH7QZQjERS2GwiJ7QbgU,Huong Lan Hotel 2,"5 Đ. Phạm Văn Nghị, Thạc Gián, Thanh Khê, Đà Nẵng 550000, Vietnam",16.0590964,108.2095965,,"['lodging', 'point_of_interest', 'establishment']",3.2,56
ChIJf_EWJM0ZQjERbBl1k_zLzyM,Red Sky Steakhouse,"248 Đ. Trần Phú, Phước Ninh, Hải Châu, Đà Nẵng 550000, Vietnam",16.062867,108.2231386,"['Monday: 11:00\u202fAM\u2009–\u20092:00\u202fPM, 5:00\u2009–\u200911:00\u202fPM', 'Tuesday: 11:00\u202fAM\u2009–\u20092:00\u202fPM, 5:00\u2009–\u200911:00\u202fPM', 'Wednesday: 11:00\u202fAM\u2009–\u20092:00\u202fPM, 5:00\u2009–\u200911:00\u202fPM', 'Thursday: 11:00\u202fAM\u2009–\u20092:00\u202fPM, 5:00\u2009–\u200911:00\u202fPM', 'Friday: 11:00\u202fAM\u2009–\u20092:00\u202fPM, 5:00\u2009–\u200911:00\u202fPM', 'Saturday: 11:00\u202fAM\u2009–\u20092:00\u202fPM, 5:00\u2009–\u200911:00\u202fPM', 'Sunday: 11:00\u202fAM\u2009–\u20092:00\u202fPM, 5:00\u2009–\u200911:00\u202fPM']","['restaurant', 'food', 'point_of_interest', 'establishment']",4.4,573
ChIJffFqarkZQjER-8sk7RWCNbk,Napoli Coffee,"31 Nguyễn Hữu Thọ, Hòa Thuận Nam, Hải Châu, Đà Nẵng 550000, Vietnam",16.0552828,108.2086722,"['Monday: 8:00\u202fAM\u2009–\u200910:00\u202fPM', 'Tuesday: 8:00\u202fAM\u2009–\u200910:00\u202fPM', 'Wednesday: 8:00\u202fAM\u2009–\u200910:00\u202fPM', 'Thursday: 8:00\u202fAM\u2009–\u200910:00\u202fPM', 'Friday: 8:00\u202fAM\u2009–\u200910:00\u202fPM', 'Saturday: 8:00\u202fAM\u2009–\u200910:00\u202fPM', 'Sunday: 8:00\u202fAM\u2009–\u200910:00\u202fPM']","['cafe', 'food', 'point_of_interest', 'establishment']",3.9,20
ChIJgaObNUkYQjER-W1Kf_YpNss,Zé Food,"218/3 Đống Đa, 112/71 Trần Cao Vân, Tam Thuận, Thanh Khê, Đà Nẵng 550000, Vietnam",16.0722637,108.208374,"['Monday: Open 24 hours', 'Tuesday: Open 24 hours', 'Wednesday: Open 24 hours', 'Thursday: Open 24 hours', 'Friday: Open 24 hours', 'Saturday: Open 24 hours', 'Sunday: Open 24 hours']","['restaurant', 'food', 'point_of_interest', 'establishment']",3.9,98
ChIJgdDxDDYYQjERl3mItotrTq4,Bảo Tàng Lịch sử Đà Nẵng,"78, Lê Duẩn, Phường Thạch Thang, Thạch Thang, Hải Châu, Đà Nẵng 550000, Vietnam",16.0706791,108.2153696,,"['museum', 'point_of_interest', 'establishment']",,
ChIJhQH1ecsZQjEReaeZrJLG8YQ,Deli Coffee House,"87 Đ. Lê Đình Dương, Phước Ninh, Hải Châu, Đà Nẵng 550000, Vietnam",16.0616231,108.2193091,"['Monday: 6:30\u202fAM\u2009–\u200910:00\u202fPM', 'Tuesday: 6:30\u202fAM\u2009–\u200910:00\u202fPM', 'Wednesday: 6:30\u202fAM\u2009–\u200910:00\u202fPM', 'Thursday: 6:30\u202fAM\u2009–\u200910:00\u202fPM', 'Friday: 6:30\u202fAM\u2009–\u200910:00\u202fPM', 'Saturday: 6:30\u202fAM\u2009–\u200910:00\u202fPM', 'Sunday: 6:30\u202fAM\u2009–\u200910:00\u202fPM']","['cafe', 'food', 'point_of_interest', 'establishment']",3.9,36
ChIJhUsxrssZQjERKUuhxibO6o8,Chè Thái NaNa,"Nam Dương, Hải Châu District, Da Nang 550000, Vietnam",16.0612036,108.2177017,"['Monday: 8:30\u202fAM\u2009–\u200911:00\u202fPM', 'Tuesday: 8:30\u202fAM\u2009–\u200911:00\u202fPM', 'Wednesday: 8:30\u202fAM\u2009–\u200911:00\u202fPM', 'Thursday: 8:30\u202fAM\u2009–\u200911:00\u202fPM', 'Friday: 8:30\u202fAM\u2009–\u200911:00\u202fPM', 'Saturday: 8:30\u202fAM\u2009–\u200911:00\u202fPM', 'Sunday: 8:30\u202fAM\u2009–\u200911:00\u202fPM']","['cafe', 'food', 'point_of_interest', 'establishment']",4.4,231
ChIJi9yX7SUYQjERw0bDbvLlHB0,Chay Tâm Viên,"55 Đường Bế Văn Đàn, Chính Gián, Thanh Khê, Đà Nẵng 550000, Vietnam",16.065005,108.2001655,"['Monday: 6:30\u202fAM\u2009–\u20098:00\u202fPM', 'Tuesday: 6:30\u202fAM\u2009–\u20098:00\u202fPM', 'Wednesday: 6:30\u202fAM\u2009–\u20098:00\u202fPM', 'Thursday: 6:30\u202fAM\u2009–\u20098:00\u202fPM', 'Friday: 6:30\u202fAM\u2009–\u20098:00\u202fPM', 'Saturday: 6:30\u202fAM\u2009–\u20098:00\u202fPM', 'Sunday: 6:30\u202fAM\u2009–\u20098:00\u202fPM']","['restaurant', 'food', 'point_of_interest', 'establishment']",4.6,214
ChIJiVEp-zsZQjERKKgVAGERFrE,Dragon Bridge,"27 Cầu Rồng, An Hải Trung, Sơn Trà, Đà Nẵng 550000, Vietnam",16.0611087,108.2274955,,"['tourist_attraction', 'point_of_interest', 'establishment']",4.7,36
ChIJj1wfpTQYQjERyAwSp1WRPpg,Orange Hotel Danang,"29 Hoàng Diệu, Phước Ninh, Hải Châu, Đà Nẵng 550000, Vietnam",16.0650129,108.2194786,"['Monday: 12:00\u202fAM\u2009–\u200912:00\u202fPM', 'Tuesday: 12:00\u202fAM\u2009–\u200912:00\u202fPM', 'Wednesday: 12:00\u202fAM\u2009–\u200912:00\u202fPM', 'Thursday: 12:00\u202fAM\u2009–\u200912:00\u202fPM', 'Friday: 12:00\u202fAM\u2009–\u200912:00\u202fPM', 'Saturday: 12:00\u202fAM\u2009–\u200912:00\u202fPM', 'Sunday: 12:00\u202fAM\u2009–\u200912:00\u202fPM']","['lodging', 'point_of_interest', 'establishment']",4.2,198
ChIJjT3cicwZQjERY8vPSqJmMqw,Cơm gà Bà Nguyệt,"49 Đường Lê Hồng Phong, Phước Ninh, Hải Châu, Đà Nẵng 550000, Vietnam",16.0638527,108.2210023,"['Monday: 9:00\u202fAM\u2009–\u200910:00\u202fPM', 'Tuesday: 9:00\u202fAM\u2009–\u200910:00\u202fPM', 'Wednesday: 9:00\u202fAM\u2009–\u200910:00\u202fPM', 'Thursday: 9:00\u202fAM\u2009–\u200910:00\u202fPM', 'Friday: 9:00\u202fAM\u2009–\u200910:00\u202fPM', 'Saturday: 9:00\u202fAM\u2009–\u200910:00\u202fPM', 'Sunday: 9:00\u202fAM\u2009–\u200910:00\u202fPM']","['restaurant', 'food', 'point_of_interest', 'establishment']",4.2,220
ChIJj_e8l8sZQjERJtsjuUdBoDk,White Snow Hotel,"5-6 Nguyễn Văn Linh, Nam Dương, Hải Châu, Đà Nẵng 550000, Vietnam",16.0605774,108.2185875,"['Monday: 12:00\u202fAM\u2009–\u200911:00\u202fPM', 'Tuesday: 12:00\u202fAM\u2009–\u200911:00\u202fPM', 'Wednesday: 12:00\u202fAM\u2009–\u200911:00\u202fPM', 'Thursday: 12:00\u202fAM\u2009–\u200911:00\u202fPM', 'Friday: 12:00\u202fAM\u2009–\u200911:00\u202fPM', 'Saturday: 12:00\u202fAM\u2009–\u200911:00\u202fPM', 'Sunday: 12:00\u202fAM\u2009–\u200911:00\u202fPM']","['lodging', 'point_of_interest', 'establishment']",3.8,311
ChIJjyObfjMYQjERPCR02HhMTMk,Cloudy Nitrogen Icecream & Drinks,"91 Phan Châu Trinh, Hải Châu 1, Hải Châu, Đà Nẵng 550000, Vietnam",16.0668104,108.2203741,"['Monday: 7:15\u202fAM\u2009–\u200910:30\u202fPM', 'Tuesday: 7:15\u202fAM\u2009–\u200910:30\u202fPM', 'Wednesday: 7:15\u202fAM\u2009–\u200910:30\u202fPM', 'Thursday: 7:15\u202fAM\u2009–\u200910:30\u202fPM', 'Friday: 7:15\u202fAM\u2009–\u200910:30\u202fPM', 'Saturday: 7:15\u202fAM\u2009–\u200910:30\u202fPM', 'Sunday: 7:15\u202fAM\u2009–\u200910:30\u202fPM']","['cafe', 'food', 'point_of_interest', 'establishment']",3.5,267
ChIJjzeKSE0YQjERI8FF2cWF3NY,Quán Bánh Xèo Miền Trung Bà Tình,"280, Q, 14 Hoàng Diệu, Bình Hiên, Hải Châu, Đà Nẵng 550000, Vietnam",16.0588675,108.2162648,"['Monday: 9:00\u202fAM\u2009–\u200910:00\u202fPM', 'Tuesday: 9:00\u202fAM\u2009–\u200910:00\u202fPM', 'Wednesday: 8:00\u202fAM\u2009–\u20099:30\u202fPM', 'Thursday: 8:00\u202fAM\u2009–\u20099:30\u202fPM', 'Friday: 9:00\u202fAM\u2009–\u200910:00\u202fPM', 'Saturday: 8:00\u202fAM\u2009–\u20099:30\u202fPM', 'Sunday: 9:00\u202fAM\u2009–\u200910:00\u202fPM']","['restaurant', 'food', 'point_of_interest', 'establishment']",4.4,157
ChIJkToVUDMYQjER-ZFawI7x_ow,Nhật Linh Hotel,"194 Nguyễn Chí Thanh, Phước Ninh, Hải Châu, Đà Nẵng 550000, Vietnam",16.0645969,108.2204652,"['Monday: Open 24 hours', 'Tuesday: Open 24 hours', 'Wednesday: Open 24 hours', 'Thursday: Open 24 hours', 'Friday: Open 24 hours', 'Saturday: Open 24 hours', 'Sunday: Open 24 hours']","['lodging', 'restaurant', 'food', 'point_of_interest', 'establishment']",4.1,377
ChIJl93xhDQYQjERYcvdAbxfh4Q,Maru Food & Drinks,"18/10/06, Trần Bình Trọng, Hải Châu 1, Hải Châu, Đà Nẵng 550000, Vietnam",16.0662636,108.2194375,"['Monday: 11:00\u202fAM\u2009–\u200910:00\u202fPM', 'Tuesday: 11:00\u202fAM\u2009–\u200910:00\u202fPM', 'Wednesday: 11:00\u202fAM\u2009–\u200910:00\u202fPM', 'Thursday: 11:00\u202fAM\u2009–\u200910:00\u202fPM', 'Friday: 11:00\u202fAM\u2009–\u200910:00\u202fPM', 'Saturday: 11:00\u202fAM\u2009–\u200910:00\u202fPM', 'Sunday: 11:00\u202fAM\u2009–\u200910:00\u202fPM']","['restaurant', 'point_of_interest', 'food', 'establishment']",4,117
ChIJlYz29DkYQjERIB0lIG36QfY,Saigon Cafe Coffee Shop,"71 Lê Lợi, Thạch Thang, Hải Châu, Đà Nẵng 550000, Vietnam",16.0767565,108.2198171,"['Monday: 6:00\u202fAM\u2009–\u200910:00\u202fPM', 'Tuesday: 6:00\u202fAM\u2009–\u200910:00\u202fPM', 'Wednesday: 6:00\u202fAM\u2009–\u200910:00\u202fPM', 'Thursday: 6:00\u202fAM\u2009–\u200910:00\u202fPM', 'Friday: 6:00\u202fAM\u2009–\u200910:00\u202fPM', 'Saturday: 6:00\u202fAM\u2009–\u200910:00\u202fPM', 'Sunday: 6:00\u202fAM\u2009–\u200910:00\u202fPM']","['cafe', 'food', 'point_of_interest', 'establishment']",4.1,82
ChIJlxRKXssZQjEROxB3Oo9dNBQ,Nhà Hàng Ecstasy,"164, 166-168 Phan Châu Trinh, Phước Ninh, Hải Châu, Đà Nẵng 550000, Vietnam",16.0623347,108.2196561,"['Monday: Open 24 hours', 'Tuesday: Open 24 hours', 'Wednesday: Open 24 hours', 'Thursday: Open 24 hours', 'Friday: Open 24 hours', 'Saturday: Open 24 hours', 'Sunday: Open 24 hours']","['restaurant', 'food', 'point_of_interest', 'establishment']",4.1,286
ChIJm-yAmTQYQjER2ymVQcz7RzQ,An Nam Hotel,"11A Trần Bình Trọng, Phước Ninh, Hải Châu, Đà Nẵng 550000, Vietnam",16.0660526,108.2194068,,"['lodging', 'point_of_interest', 'establishment']",4,64
ChIJmQIVarkZQjERCXhGCWqmTuA,Nhà Hàng Không Gian VIP,"34 Nguyễn Hữu Thọ, Hòa Thuận Nam, Hải Châu, Đà Nẵng 550000, Vietnam",16.0492669,108.207966,"['Monday: 6:30\u202fAM\u2009–\u200911:00\u202fPM', 'Tuesday: 6:30\u202fAM\u2009–\u200911:00\u202fPM', 'Wednesday: 6:30\u202fAM\u2009–\u200911:00\u202fPM', 'Thursday: 6:30\u202fAM\u2009–\u200911:00\u202fPM', 'Friday: 6:30\u202fAM\u2009–\u200911:00\u202fPM', 'Saturday: 6:30\u202fAM\u2009–\u200911:00\u202fPM', 'Sunday: 6:30\u202fAM\u2009–\u200911:00\u202fPM']","['restaurant', 'food', 'point_of_interest', 'establishment']",3.8,255
ChIJmWQfNkwYQjERwIzqBrWE6sQ,Apollo Hostel,"377 Hải Phòng, Tân Chính, Thanh Khê, Đà Nẵng 550000, Vietnam",16.0701092,108.2061936,,"['lodging', 'point_of_interest', 'establishment']",3.6,61
ChIJmdFarDQYQjERzjmWNrhSeOA,Vilan,"79 Lê Hồng Phong, Phước Ninh, Hải Châu, Đà Nẵng 550000, Vietnam",16.0640056,108.2191288,"['Monday: 8:00\u202fAM\u2009–\u20095:00\u202fPM', 'Tuesday: 8:00\u202fAM\u2009–\u20095:00\u202fPM', 'Wednesday: 8:00\u202fAM\u2009–\u20095:00\u202fPM', 'Thursday: 8:00\u202fAM\u2009–\u20095:00\u202fPM', 'Friday: 8:00\u202fAM\u2009–\u20095:00\u202fPM', 'Saturday: 8:00\u202fAM\u2009–\u20095:00\u202fPM', 'Sunday: 8:00\u202fAM\u2009–\u20095:00\u202fPM']","['cafe', 'food', 'point_of_interest', 'establishment']",4.1,127
ChIJmyveeQUZQjER2rhwWU1I8KU,May Coffee,"414 Hà Huy Tập, Hòa Khê, Thanh Khê, Đà Nẵng 55000, Vietnam",16.0570748,108.1810488,"['Monday: 6:00\u202fAM\u2009–\u200910:00\u202fPM', 'Tuesday: 6:00\u202fAM\u2009–\u200910:00\u202fPM', 'Wednesday: 6:00\u202fAM\u2009–\u200910:00\u202fPM', 'Thursday: 6:00\u202fAM\u2009–\u200910:00\u202fPM', 'Friday: 6:00\u202fAM\u2009–\u200910:00\u202fPM', 'Saturday: 6:00\u202fAM\u2009–\u200910:00\u202fPM', 'Sunday: 6:00\u202fAM\u2009–\u200910:00\u202fPM']","['cafe', 'food', 'point_of_interest', 'establishment']",4.4,32
ChIJn7_SJRcZQjERXuwEPoSc0qc,Bac Nam Motel,"27 Đàm Văn Lễ 03 Hoàng Tăng Bí Hoà An Cẩm Lệ 2 toà nhà 5 tầng, 40 phòng, Hoà An, Cẩm Lệ, Đà Nẵng 550000, Vietnam",16.0546774,108.1716124,"['Monday: Open 24 hours', 'Tuesday: Open 24 hours', 'Wednesday: Open 24 hours', 'Thursday: Open 24 hours', 'Friday: Open 24 hours', 'Saturday: Open 24 hours', 'Sunday: Open 24 hours']","['lodging', 'point_of_interest', 'establishment']",3.6,142
ChIJo00V_qQbQjERtdgbZSvReKQ,Làng Chiếu Cẩm Nê,"làng Cẩm Nê, Hòa Tiến, Hòa Vang, Đà Nẵng, Vietnam",15.9867387,108.1762217,,"['neighborhood', 'political']",,
ChIJo8fznMYZQjERNtNTUT-ZJyk,Ho Chi Minh Museum,"26X9+F2G, Duy Tân, Hoà Cường Bắc, Hải Châu, Đà Nẵng 550000, Vietnam",16.0486814,108.217581,"['Monday: 7:30\u202fAM\u2009–\u20094:30\u202fPM', 'Tuesday: 7:30\u202fAM\u2009–\u20094:30\u202fPM', 'Wednesday: 7:30\u202fAM\u2009–\u20094:30\u202fPM', 'Thursday: 7:30\u202fAM\u2009–\u20094:30\u202fPM', 'Friday: 7:30\u202fAM\u2009–\u20094:30\u202fPM', 'Saturday: 7:30\u202fAM\u2009–\u20094:30\u202fPM', 'Sunday: 7:30\u202fAM\u2009–\u20094:30\u202fPM']","['tourist_attraction', 'museum', 'point_of_interest', 'establishment']",4.2,926
ChIJo9DC-8UZQjERPRgnb7gc2fI,Cơm gà Lan,"520 Trưng Nữ Vương, Hòa Thuận Đông, Hải Châu, Đà Nẵng 550000, Vietnam",16.0487675,108.2132138,"['Monday: Open 24 hours', 'Tuesday: Open 24 hours', 'Wednesday: Open 24 hours', 'Thursday: Open 24 hours', 'Friday: Open 24 hours', 'Saturday: Open 24 hours', 'Sunday: Open 24 hours']","['restaurant', 'point_of_interest', 'food', 'establishment']",4.3,197
ChIJofjhbej3QTER0WsAIq8bSK8,Ngam Doi Ecotourism Area,"X28G+G5C, QL14G, Hoà Phú, Hòa Vang, Đà Nẵng, Vietnam",15.9663077,108.0253803,,"['tourist_attraction', 'point_of_interest', 'establishment']",3.6,69
ChIJp5MC_MQZQjEROAwJ8juWleA,Chân Cầu Trần Thị Lý 1,"Hòa Cường, Hải Châu District, Da Nang 550000, Vietnam",16.049417,108.2233,,"['bus_station', 'transit_station', 'point_of_interest', 'establishment']",3.4,5
ChIJpVpNgLgZQjERjh1kYwE5rQ8,Nibika Hotel,"418 Nguyễn Tri Phương, Hòa Thuận Đông, Hải Châu, Đà Nẵng 550000, Vietnam",16.05241,108.2102764,,"['lodging', 'point_of_interest', 'establishment']",3.7,130
ChIJqUSEHDMYQjERso5xmrgdgH0,Dai a Hotel,"51 Yên Bái, Phước Ninh, Hải Châu, Đà Nẵng 550000, Vietnam",16.066131,108.222685,,"['lodging', 'point_of_interest', 'establishment']",3.8,242
ChIJqaaYAdIiQjERGuZHElpvurA,Bãi Cát Vàng,"Bãi Cát Vàng, Thọ Quang, Sơn Trà, Đà Nẵng, Vietnam",16.1425136,108.2319779,,"['natural_feature', 'establishment']",3.9,133
ChIJry2FgMMZQjER1GnPPv03FYU,Brown Bean Hotel,"380 Đ. 2 Tháng 9, Hoà Cường Bắc, Hải Châu, Đà Nẵng, Vietnam",16.0385547,108.2233731,"['Monday: Open 24 hours', 'Tuesday: Open 24 hours', 'Wednesday: Open 24 hours', 'Thursday: Open 24 hours', 'Friday: Open 24 hours', 'Saturday: Open 24 hours', 'Sunday: Open 24 hours']","['lodging', 'point_of_interest', 'establishment']",3.9,279
ChIJryK9CsYZQjER6koOrrTbu5g,Nhà sàn Bác Hồ,"26W8+VXV, Hòa Cường, Hải Châu, Đà Nẵng 550000, Vietnam",16.0472421,108.2174295,,"['museum', 'point_of_interest', 'establishment']",5,1
ChIJs3ejMS8ZQjERXVFQAbfl5i0,Cầu sông Hàn,"145 Cầu Sông Hàn, An Hải Bắc, Sơn Trà, Đà Nẵng 550000, Vietnam",16.0721681,108.2274113,,"['tourist_attraction', 'point_of_interest', 'establishment']",4.9,13
ChIJs6v9OdMZQjERv_GXTjXiWRs,Molly Coffee,"367H+5XX, Đ. Trần Hưng Đạo, An Hải Trung, Sơn Trà, Đà Nẵng 550000, Vietnam",16.0629973,108.2299862,"['Monday: 6:00\u202fAM\u2009–\u200911:00\u202fPM', 'Tuesday: 6:00\u202fAM\u2009–\u200911:00\u202fPM', 'Wednesday: 6:00\u202fAM\u2009–\u200911:00\u202fPM', 'Thursday: 6:00\u202fAM\u2009–\u200911:00\u202fPM', 'Friday: 6:00\u202fAM\u2009–\u200911:00\u202fPM', 'Saturday: 6:00\u202fAM\u2009–\u200911:00\u202fPM', 'Sunday: 6:00\u202fAM\u2009–\u200911:00\u202fPM']","['cafe', 'food', 'point_of_interest', 'establishment']",3.2,77
ChIJsZz8-XwZQjERdKKkSNRJJWo,Đình làng An Hải Bắc,"369H+7QR, An Hải Trung, Sơn Trà, Đà Nẵng 550000, Vietnam",16.0682387,108.2293969,,"['museum', 'point_of_interest', 'establishment']",,
ChIJt1wLHjEYQjEREA1YGZU2yOc,Goc Nha Tui Minh Teahouse,"36, 36 Đ. Lê Duẩn, Hải Châu 1, Hải Châu, Đà Nẵng 550000, Vietnam",16.0723858,108.2218489,"['Monday: 7:00\u202fAM\u2009–\u200910:00\u202fPM', 'Tuesday: 7:00\u202fAM\u2009–\u200910:00\u202fPM', 'Wednesday: 7:00\u202fAM\u2009–\u200910:00\u202fPM', 'Thursday: 7:00\u202fAM\u2009–\u200910:00\u202fPM', 'Friday: 7:00\u202fAM\u2009–\u200910:00\u202fPM', 'Saturday: 7:00\u202fAM\u2009–\u200910:00\u202fPM', 'Sunday: 7:00\u202fAM\u2009–\u200910:00\u202fPM']","['cafe', 'food', 'point_of_interest', 'establishment']",4.7,348
ChIJtVsuOdsZQjERelakzsqyQyo,Grand Mercure Danang,"Lot A1, Zone Of The Villas Of Green Island, Hòa Cường, Hải Châu, Đà Nẵng 550000, Vietnam",16.0483415,108.2267041,,"['lodging', 'point_of_interest', 'establishment']",4.6,2572
ChIJtW9VCl8XQjERlh4ao9Hy2d4,Tuyen Son Restaurant,"148 Nguyễn Tri Phương, Chính Gián, Thanh Khê, Đà Nẵng 550000, Vietnam",16.0605924,108.2050233,"['Monday: 8:00\u202fAM\u2009–\u200912:00\u202fAM', 'Tuesday: 8:00\u202fAM\u2009–\u200912:00\u202fAM', 'Wednesday: 8:00\u202fAM\u2009–\u200912:00\u202fAM', 'Thursday: 8:00\u202fAM\u2009–\u200912:00\u202fAM', 'Friday: 8:00\u202fAM\u2009–\u200912:00\u202fAM', 'Saturday: 8:00\u202fAM\u2009–\u200912:00\u202fAM', 'Sunday: 8:00\u202fAM\u2009–\u200912:00\u202fAM']","['restaurant', 'food', 'point_of_interest', 'establishment']",3.7,575
ChIJu0XSwlEYQjERcpf5Oh-ZvKQ,Waikiki Hotel,"625 Nguyễn Tất Thành, Xuân Hà, Thanh Khê, Đà Nẵng 550000, Vietnam",16.0730246,108.2014084,,"['lodging', 'point_of_interest', 'establishment']",3.6,59
ChIJu7rVaDIYQjERin9i1pZWOCE,Sun River Hotel,"132, 134-136 Bạch Đằng, Hải Châu 1, Hải Châu, Đà Nẵng 550000, Vietnam",16.067425,108.224725,,"['lodging', 'point_of_interest', 'establishment']",4.1,451
ChIJufvcpj4ZQjERCz7eJZG8BNQ,Xóm Miếu Thanh Phong,"K83A/05, Thanh Khê Đông, Thanh Khê, Đà Nẵng 550000, Vietnam",16.0622656,108.1852382,,"['museum', 'point_of_interest', 'establishment']",,
ChIJvYF-BcYQQjERunhbVcjEGLU,Base stone art sculpture Ut Lan,"9 Trường Sa, Hoà Hải, Ngũ Hành Sơn, Đà Nẵng 551000, Vietnam",16.0027136,108.266763,"['Monday: Open 24 hours', 'Tuesday: Open 24 hours', 'Wednesday: Open 24 hours', 'Thursday: Open 24 hours', 'Friday: Open 24 hours', 'Saturday: Open 24 hours', 'Sunday: Open 24 hours']","['point_of_interest', 'establishment']",3.7,171
ChIJvZY1wtkZQjERtyMrmndV1xk,Nguyen Van Troi Bridge,"Nguyễn Văn Trỗi Bridge, Đà Nẵng 550000, Vietnam",16.0503877,108.2299175,,['route'],,
ChIJwWVwezMYQjERwabNrG7WyPU,Phòng trà Ca nhạc Thanh Trà,"97 Phan Châu Trinh, Phước Ninh, Hải Châu, Đà Nẵng 550000, Vietnam",16.0662717,108.2202579,,"['cafe', 'food', 'point_of_interest', 'establishment']",4.1,60
ChIJwbfPdZX3QTERj8sw7f5uZPA,Hot Springs Park - Công viên Suối khoáng nóng Núi Thần Tài Đà Nẵng,"QL14G, Hoà Phú, Hòa Vang, Đà Nẵng, Vietnam",15.9678512,108.0198053,"['Monday: 8:30\u202fAM\u2009–\u20095:30\u202fPM', 'Tuesday: 8:30\u202fAM\u2009–\u20095:30\u202fPM', 'Wednesday: 8:30\u202fAM\u2009–\u20095:30\u202fPM', 'Thursday: 8:30\u202fAM\u2009–\u20095:30\u202fPM', 'Friday: 8:30\u202fAM\u2009–\u20095:30\u202fPM', 'Saturday: 8:30\u202fAM\u2009–\u20095:30\u202fPM', 'Sunday: 8:30\u202fAM\u2009–\u20095:30\u202fPM']","['tourist_attraction', 'amusement_park', 'point_of_interest', 'establishment']",4.3,3240
ChIJwdFELs0ZQjERjFqh4sLgiPk,SenRiver Hotel,"238 Đường Bạch Đằng, Street, Hải Châu, Đà Nẵng 550000, Vietnam",16.0634798,108.2236939,,"['lodging', 'point_of_interest', 'establishment']",4.2,68
ChIJxa1RjLQZQjERoAbCYACPM1M,Ẩm Thực Năm Hiền - Bánh Xèo Tôm Nhảy,"46 Phan Thanh, Thạc Gián, Thanh Khê, Đà Nẵng 550000, Vietnam",16.0646855,108.2079332,"['Monday: 10:00\u202fAM\u2009–\u20099:30\u202fPM', 'Tuesday: 10:00\u202fAM\u2009–\u20099:30\u202fPM', 'Wednesday: 10:00\u202fAM\u2009–\u20099:30\u202fPM', 'Thursday: 10:00\u202fAM\u2009–\u20099:30\u202fPM', 'Friday: 10:00\u202fAM\u2009–\u20099:30\u202fPM', 'Saturday: 10:00\u202fAM\u2009–\u20099:30\u202fPM', 'Sunday: 10:00\u202fAM\u2009–\u20099:30\u202fPM']","['restaurant', 'food', 'point_of_interest', 'establishment']",4,690
ChIJyUX1ecsZQjERkDxGn5ZvM24,Mr.Ro Coffee,"87A Đ. Lê Đình Dương, Phước Ninh, Hải Châu, Đà Nẵng 550000, Vietnam",16.0616075,108.2193397,"['Monday: 6:00\u202fAM\u2009–\u200910:30\u202fPM', 'Tuesday: 6:00\u202fAM\u2009–\u200910:30\u202fPM', 'Wednesday: 6:00\u202fAM\u2009–\u200910:30\u202fPM', 'Thursday: 6:00\u202fAM\u2009–\u200910:30\u202fPM', 'Friday: 6:00\u202fAM\u2009–\u200910:30\u202fPM', 'Saturday: 6:00\u202fAM\u2009–\u200910:30\u202fPM', 'Sunday: 6:00\u202fAM\u2009–\u200910:30\u202fPM']","['cafe', 'food', 'point_of_interest', 'establishment']",4.1,110
ChIJyWFmArX3QTERon6tUT6re4Q,Ba Na Hills,"Hòa Ninh, Hòa Vang, Da Nang, Vietnam",15.9951358,107.9961386,"['Monday: Open 24 hours', 'Tuesday: Open 24 hours', 'Wednesday: Open 24 hours', 'Thursday: Open 24 hours', 'Friday: Open 24 hours', 'Saturday: Open 24 hours', 'Sunday: Open 24 hours']","['tourist_attraction', 'travel_agency', 'store', 'point_of_interest', 'establishment']",4.6,7432
ChIJyzjoRtMZQjERSALaMyZDqK8,Danang Riverside Hotel,"Lô, Đà Nẵng Riverside, A30 Đ. Trần Hưng Đạo, An Hải Trung, Sơn Trà, Đà Nẵng 550000, Vietnam",16.0624711,108.230396,,"['lodging', 'point_of_interest', 'establishment']",3.9,684
ChIJzX1dFjAZQjERswowf61V1fk,APEC Park,"365F+67X, Bình Hiên, Hải Châu, Đà Nẵng 550000, Vietnam",16.0581055,108.2232435,,"['park', 'point_of_interest', 'establishment']",4.5,665
ChIJzXv66zIYQjERVMBsPtBAerU,Pariat Hotel & Apartment,"202, 204 Bạch Đằng, Phước Ninh, Hải Châu, Đà Nẵng 550000, Vietnam",16.0654286,108.2240243,"['Monday: Open 24 hours', 'Tuesday: Open 24 hours', 'Wednesday: Open 24 hours', 'Thursday: Open 24 hours', 'Friday: Open 24 hours', 'Saturday: Open 24 hours', 'Sunday: Open 24 hours']","['lodging', 'point_of_interest', 'establishment']",3.9,565
ChIJzdmTxe8ZQjERbvAggIAHQLc,Minh Toan Galaxy Hotel,"306 Đ. 2 Tháng 9, Hoà Cường Bắc, Hải Châu, Đà Nẵng 550000, Vietnam",16.0442346,108.2227286,"['Monday: 12:00\u202fAM\u2009–\u200912:00\u202fPM', 'Tuesday: 12:00\u202fAM\u2009–\u200912:00\u202fPM', 'Wednesday: 12:00\u202fAM\u2009–\u200912:00\u202fPM', 'Thursday: 12:00\u202fAM\u2009–\u200912:00\u202fPM', 'Friday: 12:00\u202fAM\u2009–\u200912:00\u202fPM', 'Saturday: 12:00\u202fAM\u2009–\u200912:00\u202fPM', 'Sunday: 12:00\u202fAM\u2009–\u200912:00\u202fPM']","['lodging', 'restaurant', 'point_of_interest', 'food', 'establishment']",4.2,1820
