ID,Monday,Tuesday,Wednesday,Thursday,Friday,Saturday,Sunday
ChIJ-3wY7lEYQjERrJ9wTeoa-WQ,00:00 AM  11:59 PM,00:00 AM  11:59 PM,00:00 AM  11:59 PM,00:00 AM  11:59 PM,00:00 AM  11:59 PM,00:00 AM  11:59 PM,00:00 AM  11:59 PM
ChIJ-UBpozMYQjERDV3V1nrXEiM,12:00 AM 11:59 PM,12:00 AM 11:59 PM,12:00 AM 11:59 PM,12:00 AM 11:59 PM,12:00 AM 11:59 PM,12:00 AM 11:59 PM,12:00 AM 11:59 PM
ChIJ13MshlIYQjERM4sqFu8lvyA,6:30 AM 10:30 PM,6:30 AM 10:30 PM,6:30 AM 10:30 PM,6:30 AM 10:30 PM,6:30 AM 10:30 PM,6:30 AM 10:30 PM,6:30 AM 10:30 PM
ChIJ14kOf8kZQjERrdrrQPpiZKA,"6:00 AM 1:29 PM, 4:00 9:00 PM","6:00 AM 1:29 PM, 4:00 9:00 PM","6:00 AM 1:29 PM, 4:00 9:00 PM","6:00 AM 1:29 PM, 4:00 9:00 PM","6:00 AM 1:29 PM, 4:00 9:00 PM","6:00 AM 1:29 PM, 4:00 9:00 PM","6:00 AM 1:29 PM, 4:00 9:00 PM"
ChIJ2aT3UqMXQjER_rVaqCoyyWU,00:00 AM  11:59 PM,00:00 AM  11:59 PM,00:00 AM  11:59 PM,00:00 AM  11:59 PM,00:00 AM  11:59 PM,00:00 AM  11:59 PM,00:00 AM  11:59 PM
ChIJ2beCscEZQjER1eMQXxVlJZg,6:00 AM 9:00 PM,6:00 AM 9:00 PM,6:00 AM 9:00 PM,6:00 AM 9:00 PM,6:00 AM 9:00 PM,6:00 AM 9:00 PM,6:00 AM 9:00 PM
ChIJ2eRrZDIYQjERIDh0k-METDk,6:00 AM 9:00 PM,6:00 AM 9:00 PM,6:00 AM 9:00 PM,6:00 AM 9:00 PM,6:00 AM 9:00 PM,6:00 AM 9:00 PM,6:00 AM 9:00 PM
ChIJ2y5L4dQNQjERxeSLc68fbrw,7:00 AM 5:00 PM,7:00 AM 5:00 PM,7:00 AM 5:00 PM,7:00 AM 5:00 PM,7:00 AM 5:00 PM,7:00 AM 5:00 PM,7:00 AM 5:00 PM
ChIJ4TzoziwYQjER8Wp_tOG1pYA,00:00 AM  11:59 PM,00:00 AM  11:59 PM,00:00 AM  11:59 PM,00:00 AM  11:59 PM,00:00 AM  11:59 PM,00:00 AM  11:59 PM,00:00 AM  11:59 PM
ChIJ4w7694IXQjERrFXucqKL--o,00:00 AM  11:59 PM,00:00 AM  11:59 PM,00:00 AM  11:59 PM,00:00 AM  11:59 PM,00:00 AM  11:59 PM,00:00 AM  11:59 PM,00:00 AM  11:59 PM
ChIJ598PYTIYQjERyESkAkbGE2c,6:00 AM 11:50 PM,6:00 AM 11:50 PM,6:00 AM 11:50 PM,6:00 AM 11:50 PM,6:00 AM 11:50 PM,6:00 AM 11:50 PM,6:00 AM 11:50 PM
ChIJ6SbLpjQYQjER5qEkmTLPcuY,8:00 AM 11:30 PM,8:00 AM 11:30 PM,8:00 AM 11:30 PM,8:00 AM 11:30 PM,8:00 AM 11:30 PM,8:00 AM 11:30 PM,8:00 AM 11:30 PM
ChIJ78thjjYYQjERkiy-c9ebVPE,8:00 AM 5:00 PM,8:00 AM 5:00 PM,8:00 AM 5:00 PM,8:00 AM 5:00 PM,8:00 AM 5:00 PM,8:00 AM 5:00 PM,8:00 AM 5:00 PM
ChIJ7WTP810XQjERzwImZ7JJx9Y,9:00 AM 7:00 PM,9:00 AM 7:00 PM,9:00 AM 7:00 PM,9:00 AM 7:00 PM,9:00 AM 7:00 PM,9:00 AM 7:00 PM,9:00 AM 7:00 PM
ChIJ82_sTbkQQjERQ5jmVkoovic,8:00 AM 6:00 PM,8:00 AM 6:00 PM,8:00 AM 6:00 PM,8:00 AM 6:00 PM,8:00 AM 6:00 PM,8:00 AM 6:00 PM,8:00 AM 6:00 PM
ChIJ86LzsaUhQjERGxE6itCeBCY,8:00 AM 5:00 PM,8:00 AM 5:00 PM,8:00 AM 5:00 PM,8:00 AM 5:00 PM,8:00 AM 5:00 PM,8:00 AM 5:00 PM,8:00 AM 5:00 PM
ChIJ9TvlUrYZQjERfWaqao7uEDI,00:00 AM  11:59 PM,00:00 AM  11:59 PM,00:00 AM  11:59 PM,00:00 AM  11:59 PM,00:00 AM  11:59 PM,00:00 AM  11:59 PM,00:00 AM  11:59 PM
ChIJAQCw3AMZQjERg81Zx6Ys8qM,00:00 AM  11:59 PM,00:00 AM  11:59 PM,00:00 AM  11:59 PM,00:00 AM  11:59 PM,00:00 AM  11:59 PM,00:00 AM  11:59 PM,00:00 AM  11:59 PM
ChIJAYkYfLEZQjEReED6J_FH7yg,9:00 AM 9:00 PM,9:00 AM 9:00 PM,9:00 AM 9:00 PM,9:00 AM 9:00 PM,9:00 AM 9:00 PM,9:00 AM 9:00 PM,9:00 AM 9:00 PM
ChIJAxQgHbQZQjERth3000kYD2g,10:00 AM 10:00 PM,10:00 AM 10:00 PM,10:00 AM 10:00 PM,10:00 AM 10:00 PM,10:00 AM 10:00 PM,10:00 AM 10:00 PM,10:00 AM 10:00 PM
ChIJBa6tzjIYQjERYUANyQkdLDU,10:00 AM 10:00 PM,10:00 AM 10:00 PM,10:00 AM 10:00 PM,10:00 AM 10:00 PM,10:00 AM 10:00 PM,10:00 AM 10:00 PM,10:00 AM 10:00 PM
ChIJBz4sPgAZQjERCgABB_4OgLQ,10:00 AM 10:00 PM,10:00 AM 10:00 PM,10:00 AM 10:00 PM,10:00 AM 10:00 PM,10:00 AM 10:00 PM,10:00 AM 10:00 PM,10:00 AM 10:00 PM
ChIJC--WM94dQjERanUjSb99wac,10:00 AM 10:00 PM,10:00 AM 10:00 PM,10:00 AM 10:00 PM,10:00 AM 10:00 PM,10:00 AM 10:00 PM,10:00 AM 10:00 PM,10:00 AM 10:00 PM
ChIJD0R5P8sZQjER_nZgGVVRagk,00:00 AM  11:59 PM,00:00 AM  11:59 PM,00:00 AM  11:59 PM,00:00 AM  11:59 PM,00:00 AM  11:59 PM,00:00 AM  11:59 PM,00:00 AM  11:59 PM
ChIJDwGh8OkZQjERDYCZ8qcjxbs,8:00 AM 10:00 PM,8:00 AM 10:00 PM,8:00 AM 10:00 PM,8:00 AM 10:00 PM,8:00 AM 10:00 PM,8:00 AM 10:00 PM,8:00 AM 10:00 PM
ChIJESDKJ8UZQjER_a0FRhktnV0,8:00 AM 10:00 PM,8:30 AM 10:00 PM,9:30 AM 10:00 PM,8:30 AM 10:00 PM,8:30 AM 10:00 PM,8:30 AM 10:00 PM,8:30 AM 10:00 PM
ChIJEU3XDMoZQjERZa3tVqPA7_4,10:00 AM 11:00 PM,10:00 AM 11:00 PM,10:00 AM 11:00 PM,10:00 AM 11:00 PM,10:00 AM 11:00 PM,10:00 AM 11:00 PM,10:00 AM 11:00 PM
ChIJEymIkTYYQjERWO-pgjkKGMk,"8:00 11:30 AM, 2:00 5:00 PM","8:00 11:30 AM, 2:00 5:00 PM","8:00 11:30 AM, 2:00 5:00 PM","8:00 11:30 AM, 2:00 5:00 PM","8:00 11:30 AM, 2:00 5:00 PM","8:00 11:30 AM, 2:00 5:00 PM","8:00 11:30 AM, 2:00 5:00 PM"
ChIJF8yRoecZQjERdDBeBdSRD-Y,3:00 10:00 PM,3:00 10:00 PM,3:00 10:00 PM,3:00 10:00 PM,3:00 10:00 PM,3:00 10:00 PM,3:00 10:00 PM
ChIJFTMT5a8ZQjER_GqUyRos_f4,6:00 AM 11:00 PM,6:00 AM 11:00 PM,6:00 AM 11:00 PM,6:00 AM 11:00 PM,6:00 AM 11:00 PM,6:00 AM 11:00 PM,6:00 AM 11:00 PM
ChIJFeQ3IOgZQjERt_S0v8EQgi8,6:00 AM 11:00 PM,6:00 AM 11:00 PM,6:00 AM 11:00 PM,6:00 AM 11:00 PM,6:00 AM 11:00 PM,6:00 AM 11:00 PM,6:00 AM 11:00 PM
ChIJFzkgXmA9QjERbjn2eoPqMn8,6:30 AM 5:00 PM,6:30 AM 5:00 PM,6:30 AM 5:00 PM,6:30 AM 5:00 PM,6:30 AM 5:00 PM,6:30 AM 5:00 PM,6:30 AM 5:00 PM
ChIJG-WkJEsYQjERtFVbQM2c4xM,6:00 AM 10:00 PM,6:00 AM 10:00 PM,6:00 AM 10:00 PM,6:00 AM 10:00 PM,6:00 AM 10:00 PM,6:00 AM 10:00 PM,6:00 AM 10:00 PM
ChIJGbzqh_YZQjERwzj9AqNgnEM,6:00 AM 10:00 PM,6:00 AM 10:00 PM,6:00 AM 10:00 PM,6:00 AM 10:00 PM,6:00 AM 10:00 PM,6:00 AM 10:00 PM,6:00 AM 10:00 PM
ChIJGculbbQZQjERPy4RPlUVE7U,Closed,Closed,12:00 AM 9:00 PM,Closed,Closed,Closed,Closed
ChIJGeVGlAMZQjERD2F71k6ayJQ,6:00 AM 8:30 PM,6:00 AM 8:30 PM,6:00 AM 8:30 PM,6:00 AM 8:30 PM,6:00 AM 8:30 PM,6:00 AM 8:30 PM,6:00 AM 8:30 PM
ChIJGeaGSLIZQjERoLnjaru2VGU,9:00 AM 10:00 PM,9:00 AM 10:00 PM,9:00 AM 10:00 PM,9:00 AM 10:00 PM,12:00 AM 10:00 PM,9:00 AM 10:00 PM,9:00 AM 10:00 PM
ChIJH7RQcL4ZQjERUa2de8SDQjA,9:00 AM 10:00 PM,9:00 AM 10:00 PM,9:00 AM 10:00 PM,9:00 AM 10:00 PM,12:00 AM 10:00 PM,9:00 AM 10:00 PM,9:00 AM 10:00 PM
ChIJH9mnMhoZQjERgtZFcXEiXps,00:00 AM  11:59 PM,00:00 AM  11:59 PM,00:00 AM  11:59 PM,00:00 AM  11:59 PM,00:00 AM  11:59 PM,00:00 AM  11:59 PM,00:00 AM  11:59 PM
ChIJHTR8VDIYQjERdfEDU-POofU,6:00 AM 4:30 PM,6:00 AM 4:30 PM,6:00 AM 4:30 PM,6:00 AM 4:30 PM,6:00 AM 4:30 PM,6:00 AM 4:30 PM,11:30 AM 1:30 PM
ChIJHwTBgbkZQjERMasXdSlll1w,6:00 AM 10:00 PM,6:00 AM 10:00 PM,6:00 AM 10:00 PM,6:00 AM 10:00 PM,6:00 AM 10:00 PM,6:00 AM 10:00 PM,6:00 AM 10:00 PM
ChIJISuvVcsZQjERhnOk-O_w9pI,00:00 AM  11:59 PM,00:00 AM  11:59 PM,00:00 AM  11:59 PM,00:00 AM  11:59 PM,00:00 AM  11:59 PM,00:00 AM  11:59 PM,00:00 AM  11:59 PM
ChIJJ-xGX8sZQjERu02IB7BAu54,10:30 AM 10:30 PM,10:30 AM 10:30 PM,10:30 AM 10:30 PM,10:30 AM 10:30 PM,10:30 AM 10:30 PM,10:30 AM 10:30 PM,10:30 AM 10:30 PM
ChIJJZ1hfzEYQjERvlxA5abck6E,00:00 AM  11:59 PM,00:00 AM  11:59 PM,00:00 AM  11:59 PM,00:00 AM  11:59 PM,00:00 AM  11:59 PM,00:00 AM  11:59 PM,00:00 AM  11:59 PM
ChIJK0gKAjUYQjERAN1NrnpHclM,6:30 AM 10:00 PM,6:30 AM 10:00 PM,6:30 AM 10:00 PM,6:30 AM 10:00 PM,6:30 AM 10:00 PM,6:30 AM 10:00 PM,6:30 AM 10:00 PM
ChIJK4sVPc0ZQjERdGROWQ8MMg4,5:00 10:00 PM,5:00 10:00 PM,5:00 10:00 PM,5:00 10:00 PM,5:00 10:00 PM,5:00 10:30 PM,5:00 10:30 PM
ChIJK8zax7kZQjERCiWaW3KLyns,00:00 AM  11:59 PM,00:00 AM  11:59 PM,00:00 AM  11:59 PM,00:00 AM  11:59 PM,00:00 AM  11:59 PM,00:00 AM  11:59 PM,00:00 AM  11:59 PM
ChIJKwa8fzoYQjERbNsyeIjSIgg,6:30 AM 6:30 PM,6:30 AM 6:30 PM,6:30 AM 6:30 PM,6:30 AM 6:30 PM,6:30 AM 6:30 PM,6:30 AM 6:30 PM,6:30 AM 6:30 PM
ChIJLTomluP3QTERUy-b9iAYR8U,00:00 AM  11:59 PM,00:00 AM  11:59 PM,00:00 AM  11:59 PM,00:00 AM  11:59 PM,00:00 AM  11:59 PM,00:00 AM  11:59 PM,00:00 AM  11:59 PM
ChIJLWoAs80ZQjERLKHDYD-ZymI,7:30 AM 5:00 PM,7:30 AM 5:00 PM,7:30 AM 5:00 PM,7:30 AM 5:00 PM,7:30 AM 5:00 PM,7:30 AM 5:00 PM,7:30 AM 5:00 PM
ChIJL_Y0EBoZQjERFPa5VvJWLGI,00:00 AM  11:59 PM,00:00 AM  11:59 PM,00:00 AM  11:59 PM,00:00 AM  11:59 PM,00:00 AM  11:59 PM,00:00 AM  11:59 PM,00:00 AM  11:59 PM
ChIJLezJ2eUfQjER1SINSYhL8No,00:00 AM  11:59 PM,00:00 AM  11:59 PM,00:00 AM  11:59 PM,00:00 AM  11:59 PM,00:00 AM  11:59 PM,00:00 AM  11:59 PM,7:00 AM 12:00 PM
ChIJM560Qk0YQjERJDvIocFeEIw,00:00 AM  11:59 PM,00:00 AM  11:59 PM,00:00 AM  11:59 PM,00:00 AM  11:59 PM,00:00 AM  11:59 PM,00:00 AM  11:59 PM,7:00 AM 12:00 PM
ChIJMTJR2MsZQjERj9KA5AM9JAA,"8:30 11:30 AM, 1:30 4:30 PM, 6:30 9:30 PM","8:30 11:30 AM, 1:30 4:30 PM, 6:30 9:30 PM","8:30 11:30 AM, 1:30 4:30 PM, 6:30 9:30 PM","8:30 11:30 AM, 1:30 4:30 PM, 6:30 9:30 PM","8:30 11:30 AM, 1:30 4:30 PM, 6:30 9:30 PM","8:30 11:30 AM, 1:30 4:30 PM, 6:30 9:30 PM","8:30 11:30 AM, 1:30 4:30 PM, 6:30 9:30 PM"
ChIJMy-mQjIYQjERRrzYoziQtfc,00:00 AM  11:59 PM,00:00 AM  11:59 PM,00:00 AM  11:59 PM,00:00 AM  11:59 PM,00:00 AM  11:59 PM,00:00 AM  11:59 PM,00:00 AM  11:59 PM
ChIJN_RWt7UZQjERPP4JMZfm25M,6:00 AM 10:00 PM,6:00 AM 10:00 PM,6:00 AM 10:00 PM,6:00 AM 10:00 PM,6:00 AM 10:00 PM,6:00 AM 10:00 PM,6:00 AM 10:00 PM
ChIJO0y6zMwZQjER3M8ZDhnI_E4,6:00 11:00 PM,6:00 11:00 PM,6:00 11:00 PM,6:00 11:00 PM,6:00 11:00 PM,6:00 11:00 PM,6:00 11:00 PM
ChIJP888WE0YQjERUVCfDotmpjA,6:00 11:00 PM,6:00 11:00 PM,6:00 11:00 PM,6:00 11:00 PM,6:00 11:00 PM,6:00 11:00 PM,6:00 11:00 PM
ChIJPQw247sZQjERXlCopH3mlEc,6:30 AM 10:00 PM,6:30 AM 10:00 PM,6:30 AM 10:00 PM,6:30 AM 10:00 PM,6:30 AM 10:00 PM,6:30 AM 10:00 PM,6:30 AM 10:00 PM
ChIJPSdAA80ZQjERq8vLnRkFG7E,6:30 AM 10:00 PM,6:30 AM 10:00 PM,6:30 AM 10:00 PM,6:30 AM 10:00 PM,6:30 AM 10:00 PM,6:30 AM 10:00 PM,6:30 AM 10:00 PM
ChIJPVLCZzIYQjERfFoH2A6LIA0,6:30 AM 10:00 PM,6:30 AM 10:00 PM,6:30 AM 10:00 PM,6:30 AM 10:00 PM,6:30 AM 10:00 PM,6:30 AM 10:00 PM,6:30 AM 10:00 PM
ChIJP_viRLgZQjERu4_Cb1lN_1Q,00:00 AM  11:59 PM,00:00 AM  11:59 PM,00:00 AM  11:59 PM,00:00 AM  11:59 PM,00:00 AM  11:59 PM,00:00 AM  11:59 PM,00:00 AM  11:59 PM
ChIJPwlvPjMYQjERE56T1OCbYpM,7:00 AM 9:00 PM,7:00 AM 9:00 PM,7:00 AM 9:00 PM,7:00 AM 9:00 PM,7:00 AM 9:00 PM,7:00 AM 9:00 PM,7:00 AM 9:00 PM
ChIJQ7Wm3ssZQjERC5aR2l8cnno,10:00 AM 9:30 PM,10:00 AM 9:30 PM,10:00 AM 9:30 PM,10:00 AM 9:30 PM,10:00 AM 9:30 PM,10:00 AM 9:30 PM,10:00 AM 9:30 PM
ChIJR1aq9sMZQjERm5CGfBs-Qi4,6:00 AM 10:00 PM,6:00 AM 10:00 PM,6:00 AM 10:00 PM,6:00 AM 10:00 PM,6:00 AM 10:00 PM,6:00 AM 10:00 PM,6:00 AM 10:00 PM
ChIJRYjrnzQYQjEREPETMC25_qg,6:00 AM 10:00 PM,6:00 AM 10:00 PM,6:00 AM 10:00 PM,6:00 AM 10:00 PM,6:00 AM 10:00 PM,6:00 AM 10:00 PM,6:00 AM 10:00 PM
ChIJSRHNYzIYQjERyqgy_wxG-7Y,00:00 AM  11:59 PM,00:00 AM  11:59 PM,00:00 AM  11:59 PM,00:00 AM  11:59 PM,00:00 AM  11:59 PM,00:00 AM  11:59 PM,00:00 AM  11:59 PM
ChIJSRWy6Hr3QTERiU3vuI0PbHw,00:00 AM  11:59 PM,00:00 AM  11:59 PM,00:00 AM  11:59 PM,00:00 AM  11:59 PM,00:00 AM  11:59 PM,00:00 AM  11:59 PM,00:00 AM  11:59 PM
ChIJSSaN5u4ZQjERQkKpcWuRjqY,00:00 AM  11:59 PM,00:00 AM  11:59 PM,00:00 AM  11:59 PM,00:00 AM  11:59 PM,00:00 AM  11:59 PM,00:00 AM  11:59 PM,00:00 AM  11:59 PM
ChIJSz7MQ8sZQjER7C6nPWVk_UA,00:00 AM  11:59 PM,00:00 AM  11:59 PM,00:00 AM  11:59 PM,00:00 AM  11:59 PM,00:00 AM  11:59 PM,00:00 AM  11:59 PM,00:00 AM  11:59 PM
ChIJU1LFNzIYQjERy0iTTLoLR7c,1:00 AM 12:00 AM,1:00 AM 12:00 AM,1:00 AM 12:00 AM,1:00 AM 12:00 AM,1:00 AM 12:00 AM,1:00 AM 12:00 AM,1:00 AM 12:00 AM
ChIJURsvWrcZQjERkVqXrnmsVj4,6:00 AM 10:00 PM,6:00 AM 10:00 PM,6:00 AM 10:00 PM,6:00 AM 10:00 PM,6:00 AM 10:00 PM,6:00 AM 10:00 PM,6:00 AM 10:00 PM
ChIJUddRjUoYQjERKmqv9Qnyujs,6:00 AM 10:00 PM,6:00 AM 10:00 PM,6:00 AM 10:00 PM,6:00 AM 10:00 PM,6:00 AM 10:00 PM,6:00 AM 10:00 PM,6:00 AM 10:00 PM
ChIJVQHBxr8ZQjERb40FLShGVoA,6:00 AM 10:00 PM,6:00 AM 10:00 PM,6:00 AM 10:00 PM,6:00 AM 10:00 PM,6:00 AM 10:00 PM,6:00 AM 10:00 PM,6:00 AM 10:00 PM
ChIJVUWYpFEhQjERWfezJnshZpo,6:00 AM 10:00 PM,6:00 AM 10:00 PM,6:00 AM 10:00 PM,6:00 AM 10:00 PM,6:00 AM 10:00 PM,6:00 AM 10:00 PM,6:00 AM 10:00 PM
ChIJWVl1NFUYQjERl2v9iNV-6F8,00:00 AM  11:59 PM,00:00 AM  11:59 PM,00:00 AM  11:59 PM,00:00 AM  11:59 PM,00:00 AM  11:59 PM,00:00 AM  11:59 PM,00:00 AM  11:59 PM
ChIJW_UcS7kZQjERpfYWsnYAIF0,6:00 AM 10:00 PM,6:00 AM 10:00 PM,6:00 AM 10:00 PM,6:00 AM 10:00 PM,6:00 AM 10:00 PM,6:00 AM 10:00 PM,6:00 AM 10:00 PM
ChIJX0GThjoYQjERN_SngxhSgb0,6:00 AM 10:00 PM,6:00 AM 10:00 PM,6:00 AM 10:00 PM,6:00 AM 10:00 PM,6:00 AM 10:00 PM,6:00 AM 10:00 PM,6:00 AM 10:00 PM
ChIJXzqb9zwZQjERfJ2NdR2Qo4U,6:00 AM 10:00 PM,6:00 AM 10:00 PM,6:00 AM 10:00 PM,6:00 AM 10:00 PM,6:00 AM 10:00 PM,6:00 AM 10:00 PM,6:00 AM 10:00 PM
ChIJY2jrw8gZQjER1dPG2ZGZemM,00:00 AM  11:59 PM,00:00 AM  11:59 PM,00:00 AM  11:59 PM,00:00 AM  11:59 PM,00:00 AM  11:59 PM,00:00 AM  11:59 PM,00:00 AM  11:59 PM
ChIJY3QYS88ZQjERyxMhbywP-Lg,00:00 AM  11:59 PM,00:00 AM  11:59 PM,00:00 AM  11:59 PM,00:00 AM  11:59 PM,00:00 AM  11:59 PM,00:00 AM  11:59 PM,00:00 AM  11:59 PM
ChIJY5Fbi7UZQjERbXnfnxJJqVs,00:00 AM  11:59 PM,00:00 AM  11:59 PM,00:00 AM  11:59 PM,00:00 AM  11:59 PM,00:00 AM  11:59 PM,00:00 AM  11:59 PM,00:00 AM  11:59 PM
ChIJYcJcqTYYQjERtEUOvQMw-qg,7:00 AM 10:00 PM,7:00 AM 10:00 PM,7:00 AM 10:00 PM,7:00 AM 10:00 PM,7:00 AM 10:00 PM,7:00 AM 10:00 PM,7:00 AM 10:00 PM
ChIJZ4VHdDQYQjERpZjbKRvqo14,7:00 AM 10:00 PM,7:00 AM 10:00 PM,7:00 AM 10:00 PM,7:00 AM 10:00 PM,7:00 AM 10:00 PM,7:00 AM 10:00 PM,7:00 AM 10:00 PM
ChIJZ4Z5SssZQjERAIcMsBAH1JM,7:00 AM 9:30 PM,7:00 AM 9:30 PM,7:00 AM 9:30 PM,7:00 AM 9:30 PM,7:00 AM 9:30 PM,7:00 AM 9:30 PM,7:00 AM 9:30 PM
ChIJZWmMe1g9QjERrOGO9nVdagQ,00:00 AM  11:59 PM,00:00 AM  11:59 PM,00:00 AM  11:59 PM,00:00 AM  11:59 PM,00:00 AM  11:59 PM,00:00 AM  11:59 PM,00:00 AM  11:59 PM
ChIJZawrhc4ZQjERu5XP5jPZmxc,10:00 AM 10:00 PM,10:00 AM 10:00 PM,10:00 AM 10:00 PM,10:00 AM 10:00 PM,10:00 AM 10:00 PM,10:00 AM 10:00 PM,10:00 AM 10:00 PM
ChIJ___Ir84ZQjERyeXzhjNkh8A,00:00 AM  11:59 PM,00:00 AM  11:59 PM,00:00 AM  11:59 PM,00:00 AM  11:59 PM,00:00 AM  11:59 PM,00:00 AM  11:59 PM,00:00 AM  11:59 PM
ChIJ_d6A7E8XQjERSP_olhmXg6o,00:00 AM  11:59 PM,00:00 AM  11:59 PM,00:00 AM  11:59 PM,00:00 AM  11:59 PM,00:00 AM  11:59 PM,00:00 AM  11:59 PM,00:00 AM  11:59 PM
ChIJ_db_J8YZQjERA3ZgbpTXKJc,00:00 AM  11:59 PM,00:00 AM  11:59 PM,00:00 AM  11:59 PM,00:00 AM  11:59 PM,00:00 AM  11:59 PM,00:00 AM  11:59 PM,00:00 AM  11:59 PM
ChIJ_ws7qWb3QTERKF5_i9GOiAk,7:30 AM 5:00 PM,7:00 AM 5:00 PM,7:30 AM 5:00 PM,7:30 AM 5:00 PM,7:30 AM 5:00 PM,7:30 AM 5:00 PM,7:30 AM 5:00 PM
ChIJa3dDoTQYQjERIX7-BPgt6-U,7:30 AM 5:00 PM,7:00 AM 5:00 PM,7:30 AM 5:00 PM,7:30 AM 5:00 PM,7:30 AM 5:00 PM,7:30 AM 5:00 PM,7:30 AM 5:00 PM
ChIJaUDBNkwYQjERNButpWQvSN4,7:00 AM 10:30 PM,7:00 AM 10:30 PM,7:00 AM 10:30 PM,7:00 AM 10:30 PM,7:00 AM 10:30 PM,7:00 AM 10:30 PM,7:00 AM 10:30 PM
ChIJaa7lANcXQjERmT3kgV5U7uA,8:00 AM 5:00 PM,8:00 AM 5:00 PM,8:00 AM 5:00 PM,8:00 AM 5:00 PM,8:00 AM 5:00 PM,8:00 AM 5:00 PM,8:00 AM 5:00 PM
ChIJb0VDNCwYQjERw34jlb4cV5o,8:00 AM 5:00 PM,8:00 AM 5:00 PM,8:00 AM 5:00 PM,8:00 AM 5:00 PM,8:00 AM 5:00 PM,8:00 AM 5:00 PM,8:00 AM 5:00 PM
ChIJb2wOY8sZQjERiUcaYt-GT_I,8:00 AM 5:00 PM,8:00 AM 5:00 PM,8:00 AM 5:00 PM,8:00 AM 5:00 PM,8:00 AM 5:00 PM,8:00 AM 5:00 PM,8:00 AM 5:00 PM
ChIJbXijvbsiQjERMySlPYOp8dA,00:00 AM  11:59 PM,00:00 AM  11:59 PM,00:00 AM  11:59 PM,00:00 AM  11:59 PM,00:00 AM  11:59 PM,00:00 AM  11:59 PM,00:00 AM  11:59 PM
ChIJbbs1ZTQYQjERi3OdfmnRk2g,00:00 AM  11:59 PM,00:00 AM  11:59 PM,00:00 AM  11:59 PM,00:00 AM  11:59 PM,00:00 AM  11:59 PM,00:00 AM  11:59 PM,00:00 AM  11:59 PM
ChIJcS1UmjQYQjER1fpZXq5x4Ds,6:00 AM 10:00 PM,6:00 AM 10:00 PM,6:00 AM 10:00 PM,6:00 AM 10:00 PM,6:00 AM 10:00 PM,6:00 AM 10:00 PM,6:00 AM 10:00 PM
ChIJcVJkUPcXQjERsA8_dfySw5E,9:00 AM 5:30 PM,9:00 AM 5:30 PM,9:00 AM 5:30 PM,9:00 AM 5:30 PM,9:00 AM 5:30 PM,9:00 AM 5:30 PM,9:00 AM 5:30 PM
ChIJcX5KWskZQjERBp15jBCWYKg,00:00 AM  11:59 PM,00:00 AM  11:59 PM,00:00 AM  11:59 PM,00:00 AM  11:59 PM,00:00 AM  11:59 PM,00:00 AM  11:59 PM,00:00 AM  11:59 PM
ChIJdQhCA80ZQjERpJ_mZwZ0-vQ,00:00 AM  11:59 PM,00:00 AM  11:59 PM,00:00 AM  11:59 PM,00:00 AM  11:59 PM,00:00 AM  11:59 PM,00:00 AM  11:59 PM,00:00 AM  11:59 PM
ChIJdZsHAkoYQjER9tHLms7dmVI,00:00 AM  11:59 PM,00:00 AM  11:59 PM,00:00 AM  11:59 PM,00:00 AM  11:59 PM,00:00 AM  11:59 PM,00:00 AM  11:59 PM,00:00 AM  11:59 PM
ChIJe2cS58sZQjERsoY0bBnpamQ,00:00 AM  11:59 PM,00:00 AM  11:59 PM,00:00 AM  11:59 PM,00:00 AM  11:59 PM,00:00 AM  11:59 PM,00:00 AM  11:59 PM,00:00 AM  11:59 PM
ChIJeSWjerkZQjERQockAhpm40I,10:00 AM 11:00 PM,10:00 AM 11:00 PM,10:00 AM 11:00 PM,10:00 AM 11:00 PM,10:00 AM 11:00 PM,10:00 AM 11:00 PM,10:00 AM 11:00 PM
ChIJfWLaOs8ZQjERFiow_e52r54,3:30 9:30 PM,3:30 9:30 PM,3:30 9:30 PM,3:30 9:30 PM,3:30 9:30 PM,3:30 9:30 PM,3:30 9:30 PM
ChIJfYnbH7QZQjERS2GwiJ7QbgU,3:30 9:30 PM,3:30 9:30 PM,3:30 9:30 PM,3:30 9:30 PM,3:30 9:30 PM,3:30 9:30 PM,3:30 9:30 PM
ChIJf_EWJM0ZQjERbBl1k_zLzyM,"11:00 AM 2:00 PM, 5:00 11:00 PM","11:00 AM 2:00 PM, 5:00 11:00 PM","11:00 AM 2:00 PM, 5:00 11:00 PM","11:00 AM 2:00 PM, 5:00 11:00 PM","11:00 AM 2:00 PM, 5:00 11:00 PM","11:00 AM 2:00 PM, 5:00 11:00 PM","11:00 AM 2:00 PM, 5:00 11:00 PM"
ChIJffFqarkZQjER-8sk7RWCNbk,8:00 AM 10:00 PM,8:00 AM 10:00 PM,8:00 AM 10:00 PM,8:00 AM 10:00 PM,8:00 AM 10:00 PM,8:00 AM 10:00 PM,8:00 AM 10:00 PM
ChIJgaObNUkYQjER-W1Kf_YpNss,00:00 AM  11:59 PM,00:00 AM  11:59 PM,00:00 AM  11:59 PM,00:00 AM  11:59 PM,00:00 AM  11:59 PM,00:00 AM  11:59 PM,00:00 AM  11:59 PM
ChIJgdDxDDYYQjERl3mItotrTq4,00:00 AM  11:59 PM,00:00 AM  11:59 PM,00:00 AM  11:59 PM,00:00 AM  11:59 PM,00:00 AM  11:59 PM,00:00 AM  11:59 PM,00:00 AM  11:59 PM
ChIJhQH1ecsZQjEReaeZrJLG8YQ,6:30 AM 10:00 PM,6:30 AM 10:00 PM,6:30 AM 10:00 PM,6:30 AM 10:00 PM,6:30 AM 10:00 PM,6:30 AM 10:00 PM,6:30 AM 10:00 PM
ChIJhUsxrssZQjERKUuhxibO6o8,8:30 AM 11:00 PM,8:30 AM 11:00 PM,8:30 AM 11:00 PM,8:30 AM 11:00 PM,8:30 AM 11:00 PM,8:30 AM 11:00 PM,8:30 AM 11:00 PM
ChIJi9yX7SUYQjERw0bDbvLlHB0,6:30 AM 8:00 PM,6:30 AM 8:00 PM,6:30 AM 8:00 PM,6:30 AM 8:00 PM,6:30 AM 8:00 PM,6:30 AM 8:00 PM,6:30 AM 8:00 PM
ChIJiVEp-zsZQjERKKgVAGERFrE,6:30 AM 8:00 PM,6:30 AM 8:00 PM,6:30 AM 8:00 PM,6:30 AM 8:00 PM,6:30 AM 8:00 PM,6:30 AM 8:00 PM,6:30 AM 8:00 PM
ChIJj1wfpTQYQjERyAwSp1WRPpg,12:00 AM 12:00 PM,12:00 AM 12:00 PM,12:00 AM 12:00 PM,12:00 AM 12:00 PM,12:00 AM 12:00 PM,12:00 AM 12:00 PM,12:00 AM 12:00 PM
ChIJjT3cicwZQjERY8vPSqJmMqw,9:00 AM 10:00 PM,9:00 AM 10:00 PM,9:00 AM 10:00 PM,9:00 AM 10:00 PM,9:00 AM 10:00 PM,9:00 AM 10:00 PM,9:00 AM 10:00 PM
ChIJj_e8l8sZQjERJtsjuUdBoDk,12:00 AM 11:00 PM,12:00 AM 11:00 PM,12:00 AM 11:00 PM,12:00 AM 11:00 PM,12:00 AM 11:00 PM,12:00 AM 11:00 PM,12:00 AM 11:00 PM
ChIJjyObfjMYQjERPCR02HhMTMk,7:15 AM 10:30 PM,7:15 AM 10:30 PM,7:15 AM 10:30 PM,7:15 AM 10:30 PM,7:15 AM 10:30 PM,7:15 AM 10:30 PM,7:15 AM 10:30 PM
ChIJjzeKSE0YQjERI8FF2cWF3NY,9:00 AM 10:00 PM,9:00 AM 10:00 PM,8:00 AM 9:30 PM,8:00 AM 9:30 PM,9:00 AM 10:00 PM,8:00 AM 9:30 PM,9:00 AM 10:00 PM
ChIJkToVUDMYQjER-ZFawI7x_ow,00:00 AM  11:59 PM,00:00 AM  11:59 PM,00:00 AM  11:59 PM,00:00 AM  11:59 PM,00:00 AM  11:59 PM,00:00 AM  11:59 PM,00:00 AM  11:59 PM
ChIJl93xhDQYQjERYcvdAbxfh4Q,11:00 AM 10:00 PM,11:00 AM 10:00 PM,11:00 AM 10:00 PM,11:00 AM 10:00 PM,11:00 AM 10:00 PM,11:00 AM 10:00 PM,11:00 AM 10:00 PM
ChIJlYz29DkYQjERIB0lIG36QfY,6:00 AM 10:00 PM,6:00 AM 10:00 PM,6:00 AM 10:00 PM,6:00 AM 10:00 PM,6:00 AM 10:00 PM,6:00 AM 10:00 PM,6:00 AM 10:00 PM
ChIJlxRKXssZQjEROxB3Oo9dNBQ,00:00 AM  11:59 PM,00:00 AM  11:59 PM,00:00 AM  11:59 PM,00:00 AM  11:59 PM,00:00 AM  11:59 PM,00:00 AM  11:59 PM,00:00 AM  11:59 PM
ChIJm-yAmTQYQjER2ymVQcz7RzQ,00:00 AM  11:59 PM,00:00 AM  11:59 PM,00:00 AM  11:59 PM,00:00 AM  11:59 PM,00:00 AM  11:59 PM,00:00 AM  11:59 PM,00:00 AM  11:59 PM
ChIJmQIVarkZQjERCXhGCWqmTuA,6:30 AM 11:00 PM,6:30 AM 11:00 PM,6:30 AM 11:00 PM,6:30 AM 11:00 PM,6:30 AM 11:00 PM,6:30 AM 11:00 PM,6:30 AM 11:00 PM
ChIJmWQfNkwYQjERwIzqBrWE6sQ,6:30 AM 11:00 PM,6:30 AM 11:00 PM,6:30 AM 11:00 PM,6:30 AM 11:00 PM,6:30 AM 11:00 PM,6:30 AM 11:00 PM,6:30 AM 11:00 PM
ChIJmdFarDQYQjERzjmWNrhSeOA,8:00 AM 5:00 PM,8:00 AM 5:00 PM,8:00 AM 5:00 PM,8:00 AM 5:00 PM,8:00 AM 5:00 PM,8:00 AM 5:00 PM,8:00 AM 5:00 PM
ChIJmyveeQUZQjER2rhwWU1I8KU,6:00 AM 10:00 PM,6:00 AM 10:00 PM,6:00 AM 10:00 PM,6:00 AM 10:00 PM,6:00 AM 10:00 PM,6:00 AM 10:00 PM,6:00 AM 10:00 PM
ChIJn7_SJRcZQjERXuwEPoSc0qc,00:00 AM  11:59 PM,00:00 AM  11:59 PM,00:00 AM  11:59 PM,00:00 AM  11:59 PM,00:00 AM  11:59 PM,00:00 AM  11:59 PM,00:00 AM  11:59 PM
ChIJo00V_qQbQjERtdgbZSvReKQ,00:00 AM  11:59 PM,00:00 AM  11:59 PM,00:00 AM  11:59 PM,00:00 AM  11:59 PM,00:00 AM  11:59 PM,00:00 AM  11:59 PM,00:00 AM  11:59 PM
ChIJo8fznMYZQjERNtNTUT-ZJyk,7:30 AM 4:30 PM,7:30 AM 4:30 PM,7:30 AM 4:30 PM,7:30 AM 4:30 PM,7:30 AM 4:30 PM,7:30 AM 4:30 PM,7:30 AM 4:30 PM
ChIJo9DC-8UZQjERPRgnb7gc2fI,00:00 AM  11:59 PM,00:00 AM  11:59 PM,00:00 AM  11:59 PM,00:00 AM  11:59 PM,00:00 AM  11:59 PM,00:00 AM  11:59 PM,00:00 AM  11:59 PM
ChIJofjhbej3QTER0WsAIq8bSK8,00:00 AM  11:59 PM,00:00 AM  11:59 PM,00:00 AM  11:59 PM,00:00 AM  11:59 PM,00:00 AM  11:59 PM,00:00 AM  11:59 PM,00:00 AM  11:59 PM
ChIJp5MC_MQZQjEROAwJ8juWleA,00:00 AM  11:59 PM,00:00 AM  11:59 PM,00:00 AM  11:59 PM,00:00 AM  11:59 PM,00:00 AM  11:59 PM,00:00 AM  11:59 PM,00:00 AM  11:59 PM
ChIJpVpNgLgZQjERjh1kYwE5rQ8,00:00 AM  11:59 PM,00:00 AM  11:59 PM,00:00 AM  11:59 PM,00:00 AM  11:59 PM,00:00 AM  11:59 PM,00:00 AM  11:59 PM,00:00 AM  11:59 PM
ChIJqUSEHDMYQjERso5xmrgdgH0,00:00 AM  11:59 PM,00:00 AM  11:59 PM,00:00 AM  11:59 PM,00:00 AM  11:59 PM,00:00 AM  11:59 PM,00:00 AM  11:59 PM,00:00 AM  11:59 PM
ChIJqaaYAdIiQjERGuZHElpvurA,00:00 AM  11:59 PM,00:00 AM  11:59 PM,00:00 AM  11:59 PM,00:00 AM  11:59 PM,00:00 AM  11:59 PM,00:00 AM  11:59 PM,00:00 AM  11:59 PM
ChIJry2FgMMZQjER1GnPPv03FYU,00:00 AM  11:59 PM,00:00 AM  11:59 PM,00:00 AM  11:59 PM,00:00 AM  11:59 PM,00:00 AM  11:59 PM,00:00 AM  11:59 PM,00:00 AM  11:59 PM
ChIJryK9CsYZQjER6koOrrTbu5g,00:00 AM  11:59 PM,00:00 AM  11:59 PM,00:00 AM  11:59 PM,00:00 AM  11:59 PM,00:00 AM  11:59 PM,00:00 AM  11:59 PM,00:00 AM  11:59 PM
ChIJs3ejMS8ZQjERXVFQAbfl5i0,00:00 AM  11:59 PM,00:00 AM  11:59 PM,00:00 AM  11:59 PM,00:00 AM  11:59 PM,00:00 AM  11:59 PM,00:00 AM  11:59 PM,00:00 AM  11:59 PM
ChIJs6v9OdMZQjERv_GXTjXiWRs,6:00 AM 11:00 PM,6:00 AM 11:00 PM,6:00 AM 11:00 PM,6:00 AM 11:00 PM,6:00 AM 11:00 PM,6:00 AM 11:00 PM,6:00 AM 11:00 PM
ChIJsZz8-XwZQjERdKKkSNRJJWo,6:00 AM 11:00 PM,6:00 AM 11:00 PM,6:00 AM 11:00 PM,6:00 AM 11:00 PM,6:00 AM 11:00 PM,6:00 AM 11:00 PM,6:00 AM 11:00 PM
ChIJt1wLHjEYQjEREA1YGZU2yOc,7:00 AM 10:00 PM,7:00 AM 10:00 PM,7:00 AM 10:00 PM,7:00 AM 10:00 PM,7:00 AM 10:00 PM,7:00 AM 10:00 PM,7:00 AM 10:00 PM
ChIJtVsuOdsZQjERelakzsqyQyo,7:00 AM 10:00 PM,7:00 AM 10:00 PM,7:00 AM 10:00 PM,7:00 AM 10:00 PM,7:00 AM 10:00 PM,7:00 AM 10:00 PM,7:00 AM 10:00 PM
ChIJtW9VCl8XQjERlh4ao9Hy2d4,8:00 AM 12:00 AM,8:00 AM 12:00 AM,8:00 AM 12:00 AM,8:00 AM 12:00 AM,8:00 AM 12:00 AM,8:00 AM 12:00 AM,8:00 AM 12:00 AM
ChIJu0XSwlEYQjERcpf5Oh-ZvKQ,8:00 AM 12:00 AM,8:00 AM 12:00 AM,8:00 AM 12:00 AM,8:00 AM 12:00 AM,8:00 AM 12:00 AM,8:00 AM 12:00 AM,8:00 AM 12:00 AM
ChIJu7rVaDIYQjERin9i1pZWOCE,8:00 AM 12:00 AM,8:00 AM 12:00 AM,8:00 AM 12:00 AM,8:00 AM 12:00 AM,8:00 AM 12:00 AM,8:00 AM 12:00 AM,8:00 AM 12:00 AM
ChIJufvcpj4ZQjERCz7eJZG8BNQ,8:00 AM 12:00 AM,8:00 AM 12:00 AM,8:00 AM 12:00 AM,8:00 AM 12:00 AM,8:00 AM 12:00 AM,8:00 AM 12:00 AM,8:00 AM 12:00 AM
ChIJvYF-BcYQQjERunhbVcjEGLU,00:00 AM  11:59 PM,00:00 AM  11:59 PM,00:00 AM  11:59 PM,00:00 AM  11:59 PM,00:00 AM  11:59 PM,00:00 AM  11:59 PM,00:00 AM  11:59 PM
ChIJvZY1wtkZQjERtyMrmndV1xk,00:00 AM  11:59 PM,00:00 AM  11:59 PM,00:00 AM  11:59 PM,00:00 AM  11:59 PM,00:00 AM  11:59 PM,00:00 AM  11:59 PM,00:00 AM  11:59 PM
ChIJwWVwezMYQjERwabNrG7WyPU,00:00 AM  11:59 PM,00:00 AM  11:59 PM,00:00 AM  11:59 PM,00:00 AM  11:59 PM,00:00 AM  11:59 PM,00:00 AM  11:59 PM,00:00 AM  11:59 PM
ChIJwbfPdZX3QTERj8sw7f5uZPA,8:30 AM 5:30 PM,8:30 AM 5:30 PM,8:30 AM 5:30 PM,8:30 AM 5:30 PM,8:30 AM 5:30 PM,8:30 AM 5:30 PM,8:30 AM 5:30 PM
ChIJwdFELs0ZQjERjFqh4sLgiPk,8:30 AM 5:30 PM,8:30 AM 5:30 PM,8:30 AM 5:30 PM,8:30 AM 5:30 PM,8:30 AM 5:30 PM,8:30 AM 5:30 PM,8:30 AM 5:30 PM
ChIJxa1RjLQZQjERoAbCYACPM1M,10:00 AM 9:30 PM,10:00 AM 9:30 PM,10:00 AM 9:30 PM,10:00 AM 9:30 PM,10:00 AM 9:30 PM,10:00 AM 9:30 PM,10:00 AM 9:30 PM
ChIJyUX1ecsZQjERkDxGn5ZvM24,6:00 AM 10:30 PM,6:00 AM 10:30 PM,6:00 AM 10:30 PM,6:00 AM 10:30 PM,6:00 AM 10:30 PM,6:00 AM 10:30 PM,6:00 AM 10:30 PM
ChIJyWFmArX3QTERon6tUT6re4Q,00:00 AM  11:59 PM,00:00 AM  11:59 PM,00:00 AM  11:59 PM,00:00 AM  11:59 PM,00:00 AM  11:59 PM,00:00 AM  11:59 PM,00:00 AM  11:59 PM
ChIJyzjoRtMZQjERSALaMyZDqK8,00:00 AM  11:59 PM,00:00 AM  11:59 PM,00:00 AM  11:59 PM,00:00 AM  11:59 PM,00:00 AM  11:59 PM,00:00 AM  11:59 PM,00:00 AM  11:59 PM
ChIJzX1dFjAZQjERswowf61V1fk,00:00 AM  11:59 PM,00:00 AM  11:59 PM,00:00 AM  11:59 PM,00:00 AM  11:59 PM,00:00 AM  11:59 PM,00:00 AM  11:59 PM,00:00 AM  11:59 PM
ChIJzXv66zIYQjERVMBsPtBAerU,00:00 AM  11:59 PM,00:00 AM  11:59 PM,00:00 AM  11:59 PM,00:00 AM  11:59 PM,00:00 AM  11:59 PM,00:00 AM  11:59 PM,00:00 AM  11:59 PM
ChIJzdmTxe8ZQjERbvAggIAHQLc,12:00 AM 12:00 PM,12:00 AM 12:00 PM,12:00 AM 12:00 PM,12:00 AM 12:00 PM,12:00 AM 12:00 PM,12:00 AM 12:00 PM,12:00 AM 12:00 PM
